"consulta","modelo","P1","R1","P3","R3","P5","R5","P10","R10","AP","RR","nDCG10_bin","nDCG10_grad"
"q02","Booleano",0,0,0,0,0.2,1,0.1,1,0.25,0.25,0.430676558073393,0.32739495038874
"q02","TF-IDF",0,0,0.333333333333333,1,0.2,1,0.1,1,0.333333333333333,0.333333333333333,0.5,0.380093766715934
"q02","BM25",0,0,0.333333333333333,1,0.2,1,0.1,1,0.5,0.5,0.630929753571458,0.479624933136263
"q03","Booleano",1,0.333333333333333,1,1,0.6,1,0.3,1,1,1,1,0.915210949803576
"q03","TF-IDF",1,0.333333333333333,1,1,0.6,1,0.3,1,1,1,1,0.989463402931899
"q03","BM25",1,0.333333333333333,1,1,0.6,1,0.3,1,1,1,1,0.989463402931899
"q05","Booleano",0,0,0,0,0,0,0,0,0.0476190476190476,0.0476190476190476,0,0
"q05","TF-IDF",0,0,0,0,0,0,0,0,0.0476190476190476,0.0476190476190476,0,0
"q05","BM25",0,0,0,0,0,0,0,0,0.0476190476190476,0.0476190476190476,0,0
"q06","Booleano",1,1,0.333333333333333,1,0.2,1,0.1,1,1,1,1,1
"q06","TF-IDF",1,1,0.333333333333333,1,0.2,1,0.1,1,1,1,1,1
"q06","BM25",1,1,0.333333333333333,1,0.2,1,0.1,1,1,1,1,1
"q07","Booleano",0,0,0,0,0,0,0,0,0.128787878787879,0.0909090909090909,0,0
"q07","TF-IDF",0,0,0,0,0,0,0,0,0.128787878787879,0.0909090909090909,0,0
"q07","BM25",0,0,0,0,0,0,0,0,0.128787878787879,0.0909090909090909,0,0
"q09","Booleano",1,0.5,0.333333333333333,0.5,0.4,1,0.2,1,0.75,1,0.877215315338049,0.877215315338049
"q09","TF-IDF",0,0,0.333333333333333,0.5,0.4,1,0.2,1,0.5,0.5,0.650920929807133,0.650920929807133
"q09","BM25",0,0,0.333333333333333,0.5,0.4,1,0.2,1,0.5,0.5,0.650920929807133,0.650920929807133
"q10","Booleano",1,1,0.333333333333333,1,0.2,1,0.1,1,1,1,1,1
"q10","TF-IDF",1,1,0.333333333333333,1,0.2,1,0.1,1,1,1,1,1
"q10","BM25",1,1,0.333333333333333,1,0.2,1,0.1,1,1,1,1,1
