consulta,documento,grau,juiz,timestamp,segundos
q02,Santos_p18,0,felipe,2026-09-17T22:43:29.470Z,17
q01,Cubatao_p1,0,felipe,2026-09-17T22:48:04.459Z,161
q02,Santos_p12,0,felipe,2026-09-17T22:48:28.578Z,24
q01,Santos_p3,0,felipe,2026-09-17T22:49:04.558Z,24
q03,Cubatao_p18,1,felipe,2026-09-17T22:57:40.397Z,109
q01,Santos_p2,2,felipe,2026-09-18T04:34:28.826Z,5
q04,Santos_p9,0,felipe,2026-09-18T04:34:54.697Z,12
q01,Santos_p9,1,felipe,2026-09-18T04:35:04.314Z,10
q04,Cubatao_p2,2,felipe,2026-09-18T04:35:59.227Z,18
q01,Santos_p4,1,felipe,2026-09-18T04:36:30.375Z,8
q05,Cubatao_p8,0,felipe,2026-09-18T04:36:53.356Z,7
q02,Guaruja_p5,0,felipe,2026-09-18T04:36:59.428Z,6
q03,Cubatao_p9,0,felipe,2026-09-18T04:37:07.427Z,5
q05,Guaruja_p19,1,felipe,2026-09-18T04:37:32.341Z,11
q03,Guaruja_p4,0,felipe,2026-09-18T04:37:42.206Z,10
q04,Santos_p8,0,felipe,2026-09-18T04:37:48.435Z,6
q01,Cubatao_p3,0,felipe,2026-09-18T04:38:07.132Z,3
q04,Guaruja_p12,0,felipe,2026-09-18T04:38:12.537Z,5
q04,Cubatao_p14,0,felipe,2026-09-18T04:38:37.738Z,1
q05,Guaruja_p7,0,felipe,2026-09-18T04:39:23.734Z,12
q04,Cubatao_p18,0,felipe,2026-09-18T04:39:59.492Z,27
q04,Cubatao_p7,0,felipe,2026-09-18T04:40:25.096Z,7
q03,Cubatao_p10,0,felipe,2026-09-18T04:41:30.318Z,5
q04,Cubatao_p5,0,felipe,2026-09-18T04:41:39.808Z,9
q02,Guaruja_p9,0,felipe,2026-09-18T20:19:38.318Z,12
q02,Guaruja_p17,0,felipe,2026-09-18T20:19:40.675Z,2
q05,Guaruja_p13,0,felipe,2026-09-18T20:19:50.232Z,10
q01,Santos_p1,1,felipe,2026-09-18T20:19:56.175Z,6
q03,Guaruja_p16,0,felipe,2026-09-18T20:20:15.524Z,19
q01,Santos_p22,0,felipe,2026-09-18T20:20:22.503Z,7
q01,Santos_p7,1,felipe,2026-09-18T20:20:32.316Z,10
q01,Cubatao_p5,0,felipe,2026-09-18T20:20:36.916Z,5
q01,Santos_p8,1,felipe,2026-09-18T20:20:40.754Z,4
q04,Santos_p23,0,felipe,2026-09-18T20:20:46.334Z,6
q01,Santos_p14,0,felipe,2026-09-18T20:20:50.970Z,5
q04,Guaruja_p3,0,felipe,2026-09-18T20:20:56.728Z,6
q05,Cubatao_p17,0,felipe,2026-09-18T20:21:00.338Z,4
q03,Cubatao_p13,0,felipe,2026-09-18T20:21:04.858Z,5
q01,Cubatao_p2,0,felipe,2026-09-18T20:21:07.026Z,2
q03,Santos_p14,0,felipe,2026-09-18T20:21:12.112Z,5
q04,Cubatao_p3,0,felipe,2026-09-18T20:21:19.878Z,8
q01,Cubatao_p13,0,felipe,2026-09-18T20:21:21.682Z,2
q03,Guaruja_p19,0,felipe,2026-09-18T20:21:46.498Z,25
q03,Santos_p15,0,felipe,2026-09-18T20:21:54.596Z,8
q05,Santos_p17,0,felipe,2026-09-18T20:21:56.797Z,2
q04,Cubatao_p19,1,felipe,2026-09-18T20:22:04.680Z,8
q04,Guaruja_p1,0,felipe,2026-09-18T20:22:16.802Z,12
q05,Guaruja_p2,1,felipe,2026-09-18T20:23:27.334Z,71
q01,Santos_p21,0,felipe,2026-09-18T20:23:31.244Z,4
q03,Cubatao_p15,0,felipe,2026-09-18T20:23:49.632Z,18
q04,Santos_p12,0,felipe,2026-09-18T20:23:51.599Z,2
q04,Santos_p16,0,felipe,2026-09-18T20:23:56.949Z,5
q04,Cubatao_p6,0,felipe,2026-09-18T20:24:07.176Z,10
q04,Guaruja_p14,0,felipe,2026-09-18T20:24:18.264Z,11
q02,Santos_p20,0,felipe,2026-09-18T20:24:31.524Z,13
q05,Santos_p3,0,felipe,2026-09-18T20:24:33.972Z,2
q02,Cubatao_p20,0,felipe,2026-09-18T20:24:35.780Z,2
q01,Cubatao_p12,0,felipe,2026-09-18T20:24:37.513Z,2
q01,Santos_p13,0,felipe,2026-09-18T20:25:56.090Z,79
q01,Guaruja_p19,0,felipe,2026-09-18T20:25:57.962Z,2
q03,Santos_p9,1,felipe,2026-09-18T20:26:08.746Z,11
q02,Cubatao_p6,0,felipe,2026-09-18T20:26:11.178Z,2
q01,Cubatao_p7,0,felipe,2026-09-18T20:26:17.816Z,7
q05,Guaruja_p4,0,felipe,2026-09-18T20:26:33.958Z,16
q05,Cubatao_p18,0,felipe,2026-09-18T20:27:07.313Z,33
q03,Santos_p23,0,felipe,2026-09-18T20:27:17.506Z,10
q05,Santos_p20,0,felipe,2026-09-18T20:27:19.322Z,2
q05,Santos_p10,0,felipe,2026-09-18T20:27:21.211Z,2
q02,Guaruja_p3,0,felipe,2026-09-18T20:27:23.060Z,2
q01,Santos_p23,0,felipe,2026-09-18T20:27:28.876Z,6
q01,Cubatao_p15,0,felipe,2026-09-18T20:27:30.282Z,1
q05,Guaruja_p20,1,felipe,2026-09-18T20:27:51.206Z,21
q02,Santos_p3,0,felipe,2026-09-18T20:28:04.252Z,13
q05,Cubatao_p9,0,felipe,2026-09-18T20:28:05.790Z,2
q03,Santos_p18,2,felipe,2026-09-18T20:28:10.656Z,5
q03,Santos_p21,0,felipe,2026-09-18T20:28:13.642Z,3
q05,Santos_p7,0,felipe,2026-09-18T20:28:15.306Z,2
q02,Guaruja_p2,0,felipe,2026-09-18T20:28:17.004Z,2
q02,Santos_p8,0,felipe,2026-09-18T20:28:21.136Z,4
q03,Santos_p7,0,felipe,2026-09-18T20:28:32.728Z,12
q04,Guaruja_p11,0,felipe,2026-09-18T20:28:35.478Z,3
q04,Guaruja_p4,0,felipe,2026-09-18T20:28:39.212Z,4
q03,Santos_p13,0,felipe,2026-09-18T20:29:04.192Z,25
q01,Guaruja_p4,0,felipe,2026-09-18T20:29:06.766Z,3
q03,Guaruja_p7,0,felipe,2026-09-18T20:29:09.847Z,3
q05,Santos_p22,0,felipe,2026-09-18T20:29:11.486Z,2
q01,Guaruja_p13,0,felipe,2026-09-18T20:29:13.089Z,2
q01,Guaruja_p18,0,felipe,2026-09-18T20:29:14.420Z,1
q02,Santos_p11,1,felipe,2026-09-18T20:29:25.100Z,11
q01,Guaruja_p16,0,felipe,2026-09-18T20:29:29.266Z,4
q04,Cubatao_p11,1,felipe,2026-09-18T20:29:38.026Z,9
q03,Santos_p4,0,felipe,2026-09-18T20:30:00.392Z,22
q04,Cubatao_p8,0,felipe,2026-09-18T20:32:47.098Z,167
q05,Santos_p12,0,felipe,2026-09-18T20:33:09.517Z,22
q01,Cubatao_p18,0,felipe,2026-09-18T20:33:11.280Z,2
q02,Santos_p6,0,felipe,2026-09-18T20:33:24.058Z,13
q05,Cubatao_p2,0,felipe,2026-09-18T20:33:33.944Z,10
q01,Guaruja_p14,0,felipe,2026-09-18T20:33:35.926Z,2
q02,Cubatao_p18,0,felipe,2026-09-18T20:33:37.349Z,1
q04,Guaruja_p19,0,felipe,2026-09-18T20:33:39.090Z,2
q05,Cubatao_p4,0,felipe,2026-09-18T20:33:40.752Z,2
q01,Guaruja_p10,0,felipe,2026-09-18T20:33:42.531Z,2
q03,Santos_p20,0,felipe,2026-09-18T20:33:48.949Z,6
q04,Guaruja_p9,0,felipe,2026-09-18T20:33:50.508Z,2
q02,Cubatao_p4,0,felipe,2026-09-18T20:33:53.230Z,3
q03,Cubatao_p4,0,felipe,2026-09-18T20:33:56.746Z,4
q02,Guaruja_p13,0,felipe,2026-09-18T20:33:59.566Z,3
q02,Guaruja_p6,0,felipe,2026-09-18T20:34:00.701Z,1
q03,Cubatao_p1,0,felipe,2026-09-18T20:34:02.500Z,2
q04,Santos_p15,0,felipe,2026-09-18T20:34:04.060Z,2
q04,Guaruja_p10,0,felipe,2026-09-18T20:34:05.782Z,2
q01,Guaruja_p5,0,felipe,2026-09-18T20:34:07.264Z,1
q05,Cubatao_p5,0,felipe,2026-09-18T20:34:08.722Z,1
q04,Santos_p13,0,felipe,2026-09-18T20:34:13.745Z,5
q04,Santos_p11,0,felipe,2026-09-18T20:34:17.164Z,3
q02,Cubatao_p19,0,felipe,2026-09-18T20:34:18.916Z,2
q05,Cubatao_p19,0,felipe,2026-09-18T20:34:22.110Z,3
q01,Cubatao_p20,0,felipe,2026-09-18T20:34:23.828Z,2
q05,Cubatao_p14,0,felipe,2026-09-18T20:34:24.956Z,1
q03,Cubatao_p3,0,felipe,2026-09-18T20:34:27.178Z,2
q05,Santos_p23,0,felipe,2026-09-18T20:34:28.610Z,1
q05,Guaruja_p17,1,felipe,2026-09-18T20:34:48.546Z,11
q05,Guaruja_p16,1,felipe,2026-09-18T20:34:56.230Z,8
q03,Santos_p22,0,felipe,2026-09-18T20:34:59.292Z,3
q01,Guaruja_p9,0,felipe,2026-09-18T20:35:01.428Z,2
q02,Santos_p16,0,felipe,2026-09-18T20:35:09.040Z,8
q03,Cubatao_p7,0,felipe,2026-09-18T20:35:12.670Z,4
q04,Cubatao_p12,1,felipe,2026-09-18T20:35:29.090Z,16
q03,Guaruja_p5,0,felipe,2026-09-18T20:35:36.835Z,8
q04,Santos_p17,0,felipe,2026-09-18T20:35:38.846Z,2
q02,Guaruja_p1,0,felipe,2026-09-18T20:35:40.473Z,2
q03,Santos_p10,1,felipe,2026-09-18T20:36:45.057Z,65
q02,Santos_p15,0,felipe,2026-09-18T20:36:54.972Z,10
q04,Santos_p2,0,felipe,2026-09-18T20:36:58.296Z,3
q02,Guaruja_p14,0,felipe,2026-09-18T20:37:00.179Z,2
q03,Guaruja_p3,0,felipe,2026-09-18T20:37:02.074Z,2
q02,Santos_p10,0,felipe,2026-09-18T20:37:09.012Z,7
q01,Cubatao_p19,0,felipe,2026-09-18T20:37:17.214Z,8
q02,Santos_p7,0,felipe,2026-09-18T20:37:28.888Z,12
q01,Guaruja_p6,0,felipe,2026-09-18T20:37:30.482Z,2
q04,Cubatao_p9,1,felipe,2026-09-18T20:37:44.519Z,14
q01,Guaruja_p12,0,felipe,2026-09-18T20:37:46.310Z,2
q05,Guaruja_p5,0,felipe,2026-09-18T20:38:01.708Z,15
q03,Santos_p16,0,felipe,2026-09-18T20:38:05.753Z,4
q01,Guaruja_p17,0,felipe,2026-09-18T20:38:07.764Z,2
q05,Guaruja_p11,1,felipe,2026-09-18T20:38:32.412Z,25
q04,Santos_p18,0,felipe,2026-09-18T20:38:35.382Z,3
q04,Guaruja_p7,0,felipe,2026-09-18T20:38:36.726Z,1
q02,Santos_p17,0,felipe,2026-09-18T20:38:47.485Z,3
q04,Guaruja_p13,0,felipe,2026-09-18T20:38:49.710Z,2
q05,Santos_p6,0,felipe,2026-09-18T20:38:51.414Z,2
q02,Cubatao_p11,0,felipe,2026-09-18T20:38:53.256Z,2
q04,Cubatao_p17,0,felipe,2026-09-18T20:39:15.102Z,22
q04,Cubatao_p1,0,felipe,2026-09-18T20:39:24.838Z,10
q01,Cubatao_p17,0,felipe,2026-09-18T20:39:28.176Z,3
q02,Cubatao_p7,0,felipe,2026-09-18T20:39:29.544Z,1
q04,Guaruja_p17,0,felipe,2026-09-18T20:39:31.062Z,2
q05,Santos_p15,0,felipe,2026-09-18T20:39:32.687Z,2
q02,Santos_p9,0,felipe,2026-09-18T20:39:39.180Z,6
q01,Guaruja_p11,0,felipe,2026-09-18T20:39:40.812Z,2
q03,Santos_p8,0,felipe,2026-09-18T20:39:46.176Z,5
q03,Guaruja_p6,0,felipe,2026-09-18T20:39:47.950Z,2
q05,Santos_p21,0,felipe,2026-09-18T20:39:49.584Z,2
q04,Guaruja_p2,0,felipe,2026-09-18T20:39:51.037Z,1
q02,Cubatao_p2,0,felipe,2026-09-18T20:39:52.549Z,2
q04,Santos_p14,0,felipe,2026-09-18T20:39:54.530Z,2
q03,Cubatao_p19,0,felipe,2026-09-18T20:39:56.115Z,2
q05,Cubatao_p1,0,felipe,2026-09-18T20:39:57.453Z,1
q01,Guaruja_p20,0,felipe,2026-09-18T20:39:58.786Z,1
q03,Cubatao_p8,0,felipe,2026-09-18T20:40:00.585Z,2
q01,Guaruja_p15,0,felipe,2026-09-18T20:40:04.005Z,3
q04,Santos_p6,0,felipe,2026-09-18T20:40:06.101Z,2
q02,Santos_p2,0,felipe,2026-09-18T20:40:20.112Z,14
q02,Santos_p23,0,felipe,2026-09-18T20:41:05.396Z,2
q02,Santos_p1,0,felipe,2026-09-18T20:41:07.178Z,2
q05,Santos_p11,0,felipe,2026-09-18T20:41:08.566Z,1
q02,Santos_p4,1,felipe,2026-09-18T20:41:28.826Z,5
q05,Cubatao_p15,0,felipe,2026-09-18T20:41:31.149Z,2
q02,Santos_p5,0,felipe,2026-09-18T20:41:40.799Z,10
q03,Santos_p19,2,felipe,2026-09-18T20:41:56.024Z,15
q02,Cubatao_p8,0,felipe,2026-09-18T20:41:58.349Z,2
q02,Guaruja_p4,0,felipe,2026-09-18T20:41:59.882Z,2
q05,Guaruja_p18,0,felipe,2026-09-18T20:42:30.727Z,31
q05,Guaruja_p8,0,felipe,2026-09-18T20:42:46.666Z,16
q01,Guaruja_p7,0,felipe,2026-09-18T20:42:47.973Z,1
q01,Guaruja_p3,0,felipe,2026-09-18T20:42:49.096Z,1
q04,Guaruja_p20,0,felipe,2026-09-18T20:42:51.120Z,2
q03,Santos_p6,1,felipe,2026-09-18T20:43:06.805Z,16
q05,Santos_p8,0,felipe,2026-09-18T20:43:09.367Z,3
q02,Santos_p21,0,felipe,2026-09-18T20:43:13.555Z,4
q03,Santos_p3,0,felipe,2026-09-18T20:43:25.005Z,11
q03,Santos_p5,0,felipe,2026-09-18T20:43:43.083Z,18
q02,Santos_p13,0,felipe,2026-09-18T20:43:55.713Z,13
q01,Guaruja_p2,0,felipe,2026-09-18T20:43:57.611Z,2
q02,Santos_p14,2,felipe,2026-09-18T20:44:04.522Z,7
q05,Guaruja_p6,0,felipe,2026-09-18T20:44:11.818Z,7
q03,Cubatao_p6,0,felipe,2026-09-18T20:44:15.462Z,4
q01,Guaruja_p1,0,felipe,2026-09-18T20:44:16.994Z,2
q04,Santos_p20,0,felipe,2026-09-18T20:44:18.699Z,2
q05,Guaruja_p15,2,felipe,2026-09-18T20:44:33.227Z,4
q02,Cubatao_p3,0,felipe,2026-09-18T20:44:35.185Z,2
q03,Santos_p17,1,felipe,2026-09-18T20:44:45.663Z,10
q04,Guaruja_p16,0,felipe,2026-09-18T20:44:48.709Z,3
q05,Santos_p1,0,felipe,2026-09-18T20:44:50.219Z,2
q02,Cubatao_p14,0,felipe,2026-09-18T20:44:51.609Z,1
q03,Cubatao_p2,0,felipe,2026-09-18T20:44:53.579Z,2
q05,Santos_p14,0,felipe,2026-09-18T20:44:54.985Z,1
q05,Cubatao_p13,0,felipe,2026-09-18T20:44:56.397Z,1
q03,Guaruja_p20,0,felipe,2026-09-18T20:44:57.955Z,2
q05,Cubatao_p10,0,felipe,2026-09-18T20:44:59.519Z,2
q05,Cubatao_p7,0,felipe,2026-09-18T20:45:06.151Z,7
q04,Cubatao_p10,0,felipe,2026-09-18T20:45:16.803Z,11
q04,Santos_p7,0,felipe,2026-09-18T20:45:21.653Z,5
q03,Guaruja_p11,0,felipe,2026-09-18T20:45:23.297Z,2
q05,Santos_p18,0,felipe,2026-09-18T20:45:25.078Z,2
q03,Guaruja_p2,0,felipe,2026-09-18T20:45:37.373Z,7
q03,Guaruja_p9,0,felipe,2026-09-18T20:45:42.679Z,5
q03,Cubatao_p11,0,felipe,2026-09-18T20:45:44.697Z,2
q05,Guaruja_p3,0,felipe,2026-09-18T20:45:57.175Z,12
q03,Cubatao_p14,0,felipe,2026-09-18T20:46:00.260Z,3
q04,Guaruja_p8,0,felipe,2026-09-18T20:46:02.229Z,2
q03,Guaruja_p15,0,felipe,2026-09-18T20:46:08.668Z,3
q04,Santos_p4,0,felipe,2026-09-18T20:46:13.963Z,5
q05,Guaruja_p10,0,felipe,2026-09-18T20:46:29.976Z,16
q03,Guaruja_p10,0,felipe,2026-09-18T20:46:32.113Z,2
q03,Guaruja_p17,0,felipe,2026-09-18T20:46:59.859Z,28
q05,Guaruja_p9,0,felipe,2026-09-18T20:47:05.203Z,5
q03,Guaruja_p14,0,felipe,2026-09-18T20:47:14.475Z,9
q05,Cubatao_p16,0,felipe,2026-09-18T20:47:16.119Z,2
q03,Cubatao_p12,0,felipe,2026-09-18T20:47:17.945Z,2
q03,Cubatao_p16,0,felipe,2026-09-18T20:47:19.272Z,1
q05,Santos_p9,0,felipe,2026-09-18T20:47:20.767Z,1
q03,Guaruja_p13,0,felipe,2026-09-18T20:47:31.531Z,11
q03,Guaruja_p8,0,felipe,2026-09-18T20:47:38.821Z,7
q03,Guaruja_p18,1,felipe,2026-09-18T20:47:47.543Z,9
q05,Cubatao_p6,0,felipe,2026-09-18T20:47:50.607Z,3
q02,Cubatao_p17,0,felipe,2026-09-18T20:47:52.455Z,2
q04,Cubatao_p13,0,felipe,2026-09-18T20:48:11.317Z,19
q01,Cubatao_p10,0,felipe,2026-09-22T14:25:59.784Z,4
q01,Cubatao_p11,0,felipe,2026-09-22T14:26:01.201Z,1
q01,Cubatao_p14,0,felipe,2026-09-22T14:26:02.386Z,1
q01,Cubatao_p16,0,felipe,2026-09-22T14:26:04.955Z,3
q01,Cubatao_p4,0,felipe,2026-09-22T14:26:06.512Z,2
q01,Cubatao_p6,0,felipe,2026-09-22T14:26:09.390Z,3
q01,Cubatao_p8,0,felipe,2026-09-22T14:26:10.887Z,1
q01,Cubatao_p9,0,felipe,2026-09-22T14:26:12.146Z,1
q01,Guaruja_p8,0,felipe,2026-09-22T14:26:13.492Z,1
q01,Santos_p10,1,felipe,2026-09-22T14:27:23.048Z,70
q01,Santos_p11,1,felipe,2026-09-22T14:27:39.660Z,17
q01,Santos_p12,0,felipe,2026-09-22T14:28:23.586Z,44
q01,Santos_p15,0,felipe,2026-09-22T14:28:27.968Z,4
q01,Santos_p16,0,felipe,2026-09-22T14:28:36.337Z,8
q01,Santos_p17,0,felipe,2026-09-22T14:28:40.383Z,4
q01,Santos_p18,0,felipe,2026-09-22T14:28:46.523Z,6
q01,Santos_p19,0,felipe,2026-09-22T14:29:18.913Z,32
q01,Santos_p20,0,felipe,2026-09-22T14:29:23.732Z,5
q01,Santos_p5,0,felipe,2026-09-22T14:29:34.252Z,11
q01,Santos_p6,2,felipe,2026-09-22T14:30:03.783Z,30
q02,Cubatao_p1,0,felipe,2026-09-22T14:30:08.392Z,5
q02,Cubatao_p10,0,felipe,2026-09-22T14:30:09.675Z,1
q02,Cubatao_p12,0,felipe,2026-09-22T14:30:10.758Z,1
q02,Cubatao_p13,0,felipe,2026-09-22T14:30:11.876Z,1
q02,Cubatao_p15,0,felipe,2026-09-22T14:30:12.799Z,1
q02,Cubatao_p16,0,felipe,2026-09-22T14:30:13.934Z,1
q02,Cubatao_p5,0,felipe,2026-09-22T14:30:14.896Z,1
q02,Cubatao_p9,0,felipe,2026-09-22T14:30:15.857Z,1
q02,Guaruja_p10,0,felipe,2026-09-22T14:30:17.132Z,1
q02,Guaruja_p11,0,felipe,2026-09-22T14:30:18.000Z,1
q02,Guaruja_p12,0,felipe,2026-09-22T14:30:18.920Z,1
q02,Guaruja_p15,0,felipe,2026-09-22T14:30:19.841Z,1
q02,Guaruja_p16,0,felipe,2026-09-22T14:30:20.759Z,1
q02,Guaruja_p18,0,felipe,2026-09-22T14:30:21.810Z,1
q02,Guaruja_p19,0,felipe,2026-09-22T14:30:22.869Z,1
q02,Guaruja_p20,0,felipe,2026-09-22T14:30:23.859Z,1
q02,Guaruja_p7,0,felipe,2026-09-22T14:30:24.902Z,1
q02,Guaruja_p8,0,felipe,2026-09-22T14:30:25.909Z,1
q02,Santos_p19,0,felipe,2026-09-22T14:30:29.295Z,3
q02,Santos_p22,0,felipe,2026-09-22T14:30:31.478Z,2
q03,Cubatao_p17,0,felipe,2026-09-22T14:30:40.072Z,9
q03,Cubatao_p20,0,felipe,2026-09-22T14:30:50.275Z,10
q03,Cubatao_p5,0,felipe,2026-09-22T14:30:54.517Z,4
q03,Guaruja_p1,0,felipe,2026-09-22T14:30:56.328Z,2
q03,Guaruja_p12,0,felipe,2026-09-22T14:31:02.259Z,6
q03,Santos_p1,2,felipe,2026-09-22T14:31:06.695Z,4
q03,Santos_p11,0,felipe,2026-09-22T14:31:12.766Z,6
q03,Santos_p12,0,felipe,2026-09-22T14:31:28.653Z,16
q03,Santos_p2,0,felipe,2026-09-22T14:31:47.747Z,19
q04,Cubatao_p15,0,felipe,2026-09-22T14:31:59.439Z,12
q04,Cubatao_p16,0,felipe,2026-09-22T14:32:23.553Z,24
q04,Cubatao_p20,0,felipe,2026-09-22T14:32:29.159Z,6
q04,Cubatao_p4,0,felipe,2026-09-22T14:32:56.863Z,28
q04,Guaruja_p15,0,felipe,2026-09-22T14:32:58.785Z,2
q04,Guaruja_p18,0,felipe,2026-09-22T14:32:59.907Z,1
q04,Guaruja_p5,0,felipe,2026-09-22T14:33:01.250Z,1
q04,Guaruja_p6,0,felipe,2026-09-22T14:33:02.251Z,1
q04,Santos_p1,0,felipe,2026-09-22T14:33:04.352Z,2
q04,Santos_p10,0,felipe,2026-09-22T14:33:05.919Z,2
q04,Santos_p19,0,felipe,2026-09-22T14:33:07.302Z,1
q04,Santos_p21,0,felipe,2026-09-22T14:33:08.336Z,1
q04,Santos_p22,0,felipe,2026-09-22T14:33:09.260Z,1
q04,Santos_p3,0,felipe,2026-09-22T14:33:10.303Z,1
q04,Santos_p5,0,felipe,2026-09-22T14:33:11.371Z,1
q05,Cubatao_p11,0,felipe,2026-09-22T14:33:13.303Z,2
q05,Cubatao_p12,0,felipe,2026-09-22T14:33:14.537Z,1
q05,Cubatao_p20,0,felipe,2026-09-22T14:33:15.536Z,1
q05,Cubatao_p3,0,felipe,2026-09-22T14:33:16.938Z,1
q05,Guaruja_p1,2,felipe,2026-09-22T14:33:25.045Z,8
q05,Guaruja_p12,0,felipe,2026-09-22T14:33:39.107Z,4
q05,Guaruja_p14,0,felipe,2026-09-22T14:33:53.700Z,15
q05,Santos_p13,0,felipe,2026-09-22T14:33:55.676Z,2
q05,Santos_p16,0,felipe,2026-09-22T14:34:00.126Z,4
q05,Santos_p19,0,felipe,2026-09-22T14:34:01.435Z,1
q05,Santos_p2,0,felipe,2026-09-22T14:34:02.934Z,1
q05,Santos_p4,0,felipe,2026-09-22T14:34:04.111Z,1
q05,Santos_p5,0,felipe,2026-09-22T14:34:06.552Z,2
q03,Cubatao_p11,0,flavia,2026-09-12T20:03:51.726Z,77
q01,Guaruja_p12,0,flavia,2026-09-12T20:04:12.017Z,20
q01,Cubatao_p18,0,flavia,2026-09-12T20:04:16.037Z,4
q03,Santos_p8,0,flavia,2026-09-12T20:04:47.002Z,14
q01,Guaruja_p11,0,flavia,2026-09-12T20:05:04.920Z,18
q01,Guaruja_p16,0,flavia,2026-09-12T20:05:13.529Z,9
q02,Santos_p7,0,flavia,2026-09-12T20:05:40.958Z,27
q02,Santos_p10,0,flavia,2026-09-12T20:22:58.373Z,1037
q02,Santos_p18,0,flavia,2026-09-12T20:23:19.033Z,21
q01,Guaruja_p5,0,flavia,2026-09-12T20:23:23.068Z,4
q01,Guaruja_p19,0,flavia,2026-09-12T20:23:24.779Z,2
q02,Santos_p9,0,flavia,2026-09-12T20:23:41.648Z,17
q02,Santos_p17,0,flavia,2026-09-12T20:24:18.679Z,37
q02,Santos_p14,2,flavia,2026-09-12T20:24:37.645Z,19
q02,Santos_p8,0,flavia,2026-09-12T20:24:57.667Z,20
q02,Santos_p4,1,flavia,2026-09-12T20:25:22.815Z,25
q02,Santos_p16,0,flavia,2026-09-12T20:25:45.553Z,23
q02,Santos_p22,0,flavia,2026-09-12T20:25:54.215Z,9
q03,Cubatao_p5,0,flavia,2026-09-12T20:26:00.155Z,6
q01,Cubatao_p12,0,flavia,2026-09-12T20:26:04.685Z,5
q01,Santos_p11,0,flavia,2026-09-12T20:26:16.519Z,12
q03,Santos_p7,0,flavia,2026-09-12T20:26:33.664Z,17
q02,Santos_p23,0,flavia,2026-09-12T20:26:48.841Z,15
q01,Cubatao_p11,0,flavia,2026-09-12T20:26:56.286Z,7
q01,Guaruja_p18,0,flavia,2026-09-12T20:26:58.545Z,2
q01,Cubatao_p6,0,flavia,2026-09-12T20:27:00.721Z,2
q01,Santos_p16,0,flavia,2026-09-12T20:27:17.524Z,17
q02,Santos_p11,0,flavia,2026-09-12T20:27:39.972Z,22
q02,Santos_p12,1,flavia,2026-09-12T20:27:52.722Z,13
q04,Santos_p14,0,flavia,2026-09-12T20:27:54.903Z,2
q03,Cubatao_p9,0,flavia,2026-09-12T20:28:18.552Z,24
q03,Santos_p16,0,flavia,2026-09-12T20:28:31.692Z,13
q02,Santos_p6,0,flavia,2026-09-12T20:28:49.834Z,18
q04,Santos_p5,0,flavia,2026-09-12T20:28:58.997Z,9
q04,Cubatao_p9,0,flavia,2026-09-12T20:29:25.029Z,26
q01,Santos_p2,2,flavia,2026-09-12T20:29:41.950Z,17
q01,Guaruja_p2,0,flavia,2026-09-12T20:29:56.419Z,14
q03,Guaruja_p9,0,flavia,2026-09-12T20:30:03.413Z,7
q03,Cubatao_p20,0,flavia,2026-09-12T20:30:10.481Z,7
q01,Santos_p20,0,flavia,2026-09-12T20:30:28.616Z,18
q03,Guaruja_p12,0,flavia,2026-09-12T20:30:32.673Z,4
q03,Cubatao_p17,0,flavia,2026-09-12T20:30:35.109Z,2
q03,Guaruja_p20,0,flavia,2026-09-12T20:30:37.849Z,3
q01,Cubatao_p13,0,flavia,2026-09-12T20:30:47.919Z,2
q04,Santos_p23,0,flavia,2026-09-12T20:30:52.298Z,4
q02,Guaruja_p13,0,flavia,2026-09-12T20:30:55.712Z,3
q03,Santos_p5,0,flavia,2026-09-12T20:31:02.307Z,7
q04,Santos_p7,0,flavia,2026-09-12T20:31:08.531Z,6
q03,Guaruja_p10,0,flavia,2026-09-12T20:31:21.784Z,13
q04,Santos_p15,0,flavia,2026-09-12T20:31:25.225Z,3
q04,Cubatao_p17,0,flavia,2026-09-12T20:31:48.681Z,23
q04,Santos_p18,0,flavia,2026-09-12T20:31:53.892Z,5
q02,Guaruja_p9,0,flavia,2026-09-12T20:31:56.668Z,3
q03,Cubatao_p15,0,flavia,2026-09-12T20:32:00.491Z,4
q03,Cubatao_p14,0,flavia,2026-09-12T20:32:03.520Z,3
q04,Cubatao_p15,1,flavia,2026-09-12T20:32:32.118Z,6
q03,Santos_p19,2,flavia,2026-09-12T20:33:14.995Z,43
q05,Santos_p20,0,flavia,2026-09-12T20:33:21.687Z,7
q02,Guaruja_p19,0,flavia,2026-09-12T20:33:26.700Z,5
q05,Cubatao_p2,0,flavia,2026-09-12T20:33:28.493Z,2
q05,Guaruja_p6,0,flavia,2026-09-12T20:33:55.663Z,27
q04,Cubatao_p4,0,flavia,2026-09-12T20:34:11.463Z,16
q03,Santos_p2,1,flavia,2026-09-12T20:35:03.449Z,52
q01,Santos_p17,0,flavia,2026-09-12T20:35:20.535Z,17
q05,Guaruja_p11,0,flavia,2026-09-12T20:35:29.830Z,9
q02,Guaruja_p16,0,flavia,2026-09-12T20:35:37.392Z,8
q04,Cubatao_p6,0,flavia,2026-09-12T20:36:02.829Z,25
q03,Guaruja_p14,0,flavia,2026-09-12T20:36:12.166Z,9
q03,Guaruja_p16,0,flavia,2026-09-12T20:36:14.376Z,2
q04,Cubatao_p16,0,flavia,2026-09-12T20:36:22.657Z,8
q05,Santos_p16,0,flavia,2026-09-12T20:36:24.626Z,2
q01,Cubatao_p10,0,flavia,2026-09-12T20:36:26.366Z,2
q05,Cubatao_p1,0,flavia,2026-09-12T20:36:27.751Z,1
q03,Guaruja_p7,0,flavia,2026-09-12T20:36:33.127Z,5
q01,Santos_p8,2,flavia,2026-09-12T20:36:50.168Z,17
q03,Cubatao_p12,0,flavia,2026-09-12T20:37:04.124Z,7
q01,Santos_p6,0,flavia,2026-09-12T20:37:48.675Z,45
q05,Santos_p7,0,flavia,2026-09-12T20:37:50.438Z,2
q03,Cubatao_p19,0,flavia,2026-09-12T20:37:52.900Z,2
q04,Santos_p8,0,flavia,2026-09-12T20:37:55.847Z,3
q05,Guaruja_p4,0,flavia,2026-09-12T20:38:04.982Z,9
q04,Santos_p4,0,flavia,2026-09-12T20:38:09.909Z,5
q03,Santos_p22,0,flavia,2026-09-12T20:38:16.677Z,7
q01,Santos_p5,0,flavia,2026-09-12T20:38:22.983Z,6
q05,Cubatao_p9,0,flavia,2026-09-12T20:38:25.077Z,2
q03,Guaruja_p15,0,flavia,2026-09-12T20:38:31.228Z,6
q03,Santos_p11,0,flavia,2026-09-12T20:38:41.783Z,11
q03,Cubatao_p8,0,flavia,2026-09-12T20:38:43.445Z,2
q04,Santos_p2,0,flavia,2026-09-12T20:38:45.023Z,2
q01,Santos_p13,0,flavia,2026-09-12T20:38:52.663Z,8
q03,Santos_p1,2,flavia,2026-09-12T20:39:01.294Z,9
q05,Cubatao_p11,0,flavia,2026-09-12T20:39:20.393Z,19
q01,Cubatao_p16,0,flavia,2026-09-12T20:39:22.285Z,2
q04,Cubatao_p14,0,flavia,2026-09-12T20:39:33.371Z,11
q04,Santos_p3,0,flavia,2026-09-12T20:39:37.312Z,4
q01,Cubatao_p14,0,flavia,2026-09-12T20:39:40.946Z,4
q04,Guaruja_p9,0,flavia,2026-09-12T20:39:42.418Z,1
q01,Guaruja_p8,0,flavia,2026-09-12T20:39:44.071Z,2
q02,Cubatao_p4,0,flavia,2026-09-12T20:39:46.280Z,2
q03,Cubatao_p10,0,flavia,2026-09-12T20:39:48.406Z,2
q01,Santos_p22,0,flavia,2026-09-12T20:39:52.287Z,4
q02,Santos_p13,0,flavia,2026-09-12T20:40:21.791Z,30
q05,Guaruja_p20,0,flavia,2026-09-12T20:41:03.881Z,42
q02,Cubatao_p2,0,flavia,2026-09-12T20:41:10.874Z,7
q03,Cubatao_p16,0,flavia,2026-09-12T20:41:12.996Z,2
q03,Guaruja_p5,0,flavia,2026-09-12T20:41:14.658Z,2
q01,Guaruja_p15,0,flavia,2026-09-12T20:41:16.748Z,2
q03,Santos_p20,0,flavia,2026-09-12T20:41:25.364Z,9
q02,Guaruja_p17,0,flavia,2026-09-12T20:41:27.447Z,2
q04,Cubatao_p10,0,flavia,2026-09-12T20:41:38.846Z,11
q01,Santos_p3,0,flavia,2026-09-12T20:41:54.879Z,16
q02,Cubatao_p16,0,flavia,2026-09-12T20:41:56.253Z,1
q01,Cubatao_p3,0,flavia,2026-09-12T20:41:57.702Z,1
q01,Guaruja_p9,0,flavia,2026-09-12T20:41:59.466Z,2
q04,Guaruja_p14,0,flavia,2026-09-12T20:42:01.290Z,2
q04,Guaruja_p19,0,flavia,2026-09-12T20:42:02.640Z,1
q02,Santos_p21,0,flavia,2026-09-12T20:42:19.034Z,16
q01,Cubatao_p2,0,flavia,2026-09-12T20:42:20.705Z,2
q02,Guaruja_p2,0,flavia,2026-09-12T20:42:21.937Z,1
q02,Cubatao_p18,0,flavia,2026-09-12T20:42:23.194Z,1
q04,Santos_p9,0,flavia,2026-09-12T20:42:24.787Z,2
q01,Santos_p18,0,flavia,2026-09-12T20:42:42.069Z,14
q04,Cubatao_p2,2,flavia,2026-09-12T20:42:58.368Z,16
q03,Santos_p6,0,flavia,2026-09-12T20:43:39.321Z,41
q02,Cubatao_p9,0,flavia,2026-09-12T20:44:05.713Z,26
q04,Guaruja_p20,0,flavia,2026-09-12T20:44:11.779Z,6
q02,Guaruja_p8,0,flavia,2026-09-12T20:44:16.195Z,4
q05,Guaruja_p9,0,flavia,2026-09-12T20:44:21.595Z,5
q04,Guaruja_p10,0,flavia,2026-09-12T20:44:25.555Z,4
q01,Guaruja_p14,0,flavia,2026-09-12T20:44:27.398Z,2
q05,Guaruja_p3,0,flavia,2026-09-12T20:44:43.722Z,16
q04,Santos_p10,0,flavia,2026-09-12T20:44:45.587Z,2
q01,Santos_p9,0,flavia,2026-09-12T20:44:55.253Z,10
q01,Santos_p23,0,flavia,2026-09-12T20:45:06.722Z,11
q01,Santos_p10,0,flavia,2026-09-12T20:45:23.105Z,16
q02,Cubatao_p1,0,flavia,2026-09-12T20:45:24.533Z,1
q05,Cubatao_p12,0,flavia,2026-09-12T20:45:25.912Z,1
q05,Cubatao_p5,0,flavia,2026-09-12T20:45:27.002Z,1
q05,Santos_p23,0,flavia,2026-09-12T20:45:28.278Z,1
q01,Santos_p1,0,flavia,2026-09-12T20:45:54.729Z,26
q02,Santos_p1,0,flavia,2026-09-12T20:46:03.788Z,9
q04,Santos_p11,0,flavia,2026-09-12T20:46:05.827Z,2
q04,Cubatao_p11,0,flavia,2026-09-12T20:46:13.693Z,8
q05,Cubatao_p13,0,flavia,2026-09-12T20:46:15.073Z,1
q03,Santos_p21,0,flavia,2026-09-12T20:46:24.211Z,9
q05,Cubatao_p10,0,flavia,2026-09-12T20:46:31.493Z,7
q03,Santos_p23,0,flavia,2026-09-12T20:46:39.833Z,8
q02,Guaruja_p4,0,flavia,2026-09-12T20:46:48.818Z,9
q05,Santos_p19,0,flavia,2026-09-12T20:46:51.725Z,3
q05,Santos_p3,0,flavia,2026-09-12T20:46:53.461Z,2
q02,Cubatao_p14,0,flavia,2026-09-12T20:46:57.711Z,4
q03,Santos_p18,2,flavia,2026-09-12T20:47:04.421Z,7
q01,Santos_p7,0,flavia,2026-09-12T20:47:18.615Z,14
q04,Cubatao_p12,1,flavia,2026-09-12T20:47:44.878Z,26
q05,Cubatao_p6,0,flavia,2026-09-12T20:47:46.767Z,2
q05,Guaruja_p8,0,flavia,2026-09-12T20:47:56.843Z,10
q02,Santos_p3,0,flavia,2026-09-12T20:49:15.623Z,79
q05,Cubatao_p20,0,flavia,2026-09-12T20:49:18.182Z,3
q01,Cubatao_p20,0,flavia,2026-09-12T20:49:20.068Z,2
q01,Santos_p21,0,flavia,2026-09-12T20:49:23.259Z,3
q02,Cubatao_p17,0,flavia,2026-09-12T20:49:25.028Z,2
q03,Guaruja_p2,0,flavia,2026-09-12T20:49:36.839Z,8
q05,Santos_p21,0,flavia,2026-09-12T20:49:41.064Z,4
q03,Guaruja_p17,0,flavia,2026-09-12T20:49:45.974Z,5
q01,Cubatao_p7,0,flavia,2026-09-12T20:49:47.943Z,2
q05,Guaruja_p12,0,flavia,2026-09-12T20:49:59.527Z,12
q02,Guaruja_p6,0,flavia,2026-09-12T20:50:06.980Z,7
q03,Guaruja_p8,0,flavia,2026-09-12T20:50:43.875Z,37
q01,Cubatao_p4,0,flavia,2026-09-12T20:50:55.821Z,12
q02,Guaruja_p14,0,flavia,2026-09-12T20:50:57.923Z,2
q05,Cubatao_p4,0,flavia,2026-09-12T20:50:59.188Z,1
q02,Guaruja_p15,0,flavia,2026-09-12T20:51:00.554Z,1
q05,Santos_p10,0,flavia,2026-09-12T20:51:02.014Z,1
q02,Guaruja_p1,0,flavia,2026-09-12T20:51:03.623Z,2
q03,Santos_p12,0,flavia,2026-09-12T20:51:23.575Z,20
q01,Guaruja_p10,0,flavia,2026-09-12T20:51:25.741Z,2
q01,Guaruja_p4,0,flavia,2026-09-12T20:51:27.064Z,1
q03,Cubatao_p3,0,flavia,2026-09-12T20:51:29.031Z,2
q04,Guaruja_p4,0,flavia,2026-09-12T20:51:31.300Z,2
q02,Santos_p20,0,flavia,2026-09-12T20:51:40.023Z,9
q04,Cubatao_p19,1,flavia,2026-09-12T20:52:02.249Z,22
q04,Guaruja_p1,0,flavia,2026-09-12T20:52:04.674Z,2
q03,Santos_p17,1,flavia,2026-09-12T20:52:21.930Z,17
q01,Cubatao_p19,0,flavia,2026-09-12T20:52:25.266Z,3
q01,Guaruja_p17,0,flavia,2026-09-12T20:52:30.598Z,5
q04,Cubatao_p1,0,flavia,2026-09-12T20:52:59.585Z,29
q04,Santos_p1,0,flavia,2026-09-12T20:53:01.714Z,2
q04,Santos_p22,0,flavia,2026-09-12T20:53:02.907Z,1
q04,Guaruja_p7,0,flavia,2026-09-12T20:53:04.281Z,1
q01,Cubatao_p9,0,flavia,2026-09-12T20:53:14.746Z,10
q05,Santos_p13,0,flavia,2026-09-12T20:53:15.955Z,1
q05,Santos_p8,0,flavia,2026-09-12T20:53:16.952Z,1
q05,Santos_p14,0,flavia,2026-09-12T20:53:18.129Z,1
q03,Guaruja_p1,0,flavia,2026-09-12T20:53:19.824Z,2
q05,Santos_p22,0,flavia,2026-09-12T20:53:21.126Z,1
q02,Cubatao_p3,0,flavia,2026-09-12T20:53:22.655Z,2
q03,Guaruja_p3,0,flavia,2026-09-12T20:53:24.430Z,2
q05,Guaruja_p16,0,flavia,2026-09-12T20:53:39.273Z,15
q01,Santos_p4,0,flavia,2026-09-12T20:53:45.753Z,6
q02,Guaruja_p12,0,flavia,2026-09-12T20:53:47.804Z,2
q04,Cubatao_p7,0,flavia,2026-09-12T20:53:55.706Z,8
q04,Guaruja_p8,0,flavia,2026-09-12T20:53:58.306Z,3
q03,Cubatao_p18,0,flavia,2026-09-12T20:54:00.716Z,2
q02,Guaruja_p11,0,flavia,2026-09-12T20:54:02.303Z,2
q04,Santos_p16,0,flavia,2026-09-12T20:54:03.571Z,1
q02,Guaruja_p5,0,flavia,2026-09-12T20:54:06.153Z,3
q01,Guaruja_p1,0,flavia,2026-09-12T20:54:07.853Z,2
q05,Cubatao_p16,0,flavia,2026-09-12T20:54:09.286Z,1
q02,Cubatao_p5,0,flavia,2026-09-12T20:54:10.427Z,1
q02,Santos_p5,0,flavia,2026-09-12T20:54:20.511Z,10
q02,Santos_p15,0,flavia,2026-09-12T20:54:35.303Z,15
q05,Guaruja_p10,0,flavia,2026-09-12T20:54:40.703Z,5
q01,Santos_p12,0,flavia,2026-09-12T20:55:26.207Z,46
q02,Cubatao_p12,0,flavia,2026-09-12T20:55:28.434Z,2
q02,Santos_p19,0,flavia,2026-09-12T20:55:42.946Z,15
q05,Santos_p17,0,flavia,2026-09-12T20:55:45.849Z,3
q04,Guaruja_p6,0,flavia,2026-09-12T20:55:47.376Z,2
q02,Cubatao_p13,0,flavia,2026-09-12T20:55:48.709Z,1
q04,Santos_p17,0,flavia,2026-09-12T20:55:50.253Z,2
q04,Guaruja_p5,0,flavia,2026-09-12T20:55:52.436Z,2
q03,Cubatao_p7,0,flavia,2026-09-12T20:55:53.738Z,1
q03,Cubatao_p13,0,flavia,2026-09-12T20:55:55.135Z,1
q03,Guaruja_p19,0,flavia,2026-09-12T20:55:58.318Z,3
q04,Cubatao_p5,0,flavia,2026-09-12T20:56:07.821Z,10
q04,Santos_p21,0,flavia,2026-09-12T20:56:17.153Z,9
q04,Guaruja_p11,0,flavia,2026-09-12T20:56:19.022Z,2
q03,Guaruja_p6,0,flavia,2026-09-12T20:56:21.627Z,3
q04,Cubatao_p3,0,flavia,2026-09-12T20:56:30.388Z,9
q02,Cubatao_p8,0,flavia,2026-09-12T20:56:33.426Z,3
q05,Santos_p1,0,flavia,2026-09-12T20:56:34.634Z,1
q03,Cubatao_p1,0,flavia,2026-09-12T20:56:36.682Z,2
q01,Guaruja_p3,0,flavia,2026-09-12T20:56:38.319Z,2
q03,Guaruja_p11,0,flavia,2026-09-12T20:56:40.703Z,2
q05,Cubatao_p3,0,flavia,2026-09-12T20:56:41.913Z,1
q04,Cubatao_p20,0,flavia,2026-09-12T20:56:59.024Z,17
q01,Guaruja_p6,0,flavia,2026-09-12T20:57:03.536Z,5
q04,Santos_p12,0,flavia,2026-09-12T20:57:04.728Z,1
q01,Guaruja_p7,0,flavia,2026-09-12T20:57:05.929Z,1
q02,Guaruja_p20,0,flavia,2026-09-12T20:57:07.684Z,2
q03,Guaruja_p18,0,flavia,2026-09-12T20:57:11.148Z,3
q04,Guaruja_p13,0,flavia,2026-09-12T20:57:13.460Z,2
q03,Guaruja_p4,0,flavia,2026-09-12T20:57:16.720Z,3
q02,Guaruja_p18,0,flavia,2026-09-12T20:57:18.354Z,2
q01,Santos_p14,0,flavia,2026-09-12T20:57:23.049Z,5
q04,Santos_p19,0,flavia,2026-09-12T20:57:27.465Z,4
q05,Cubatao_p18,0,flavia,2026-09-12T20:57:28.723Z,1
q04,Santos_p6,0,flavia,2026-09-12T20:57:30.389Z,2
q05,Cubatao_p8,0,flavia,2026-09-12T20:57:31.685Z,1
q03,Guaruja_p13,0,flavia,2026-09-12T20:57:33.466Z,2
q05,Santos_p4,0,flavia,2026-09-12T20:57:35.020Z,2
q04,Cubatao_p18,0,flavia,2026-09-12T20:58:04.814Z,30
q03,Santos_p3,0,flavia,2026-09-12T20:58:30.295Z,25
q01,Guaruja_p20,0,flavia,2026-09-12T20:58:32.153Z,2
q02,Santos_p2,0,flavia,2026-09-12T20:59:04.069Z,32
q01,Santos_p19,0,flavia,2026-09-12T20:59:10.839Z,7
q02,Guaruja_p10,0,flavia,2026-09-12T20:59:14.526Z,4
q05,Guaruja_p1,2,flavia,2026-09-12T20:59:22.232Z,8
q04,Guaruja_p2,0,flavia,2026-09-12T20:59:24.055Z,2
q01,Santos_p15,0,flavia,2026-09-12T20:59:32.592Z,9
q04,Santos_p20,0,flavia,2026-09-12T20:59:34.180Z,2
q01,Cubatao_p8,0,flavia,2026-09-12T20:59:36.069Z,2
q01,Cubatao_p5,0,flavia,2026-09-12T20:59:37.275Z,1
q04,Guaruja_p17,0,flavia,2026-09-12T20:59:38.736Z,1
q01,Cubatao_p17,0,flavia,2026-09-12T20:59:40.397Z,2
q01,Cubatao_p1,0,flavia,2026-09-12T20:59:41.762Z,1
q04,Santos_p13,0,flavia,2026-09-12T20:59:43.623Z,2
q04,Guaruja_p15,0,flavia,2026-09-12T20:59:45.512Z,2
q02,Cubatao_p10,0,flavia,2026-09-12T21:00:31.625Z,46
q04,Guaruja_p16,0,flavia,2026-09-12T21:00:32.862Z,1
q04,Cubatao_p8,0,flavia,2026-09-12T21:00:48.384Z,13
q04,Guaruja_p3,0,flavia,2026-09-12T21:00:51.099Z,3
q05,Santos_p15,0,flavia,2026-09-12T21:00:52.179Z,1
q02,Cubatao_p6,0,flavia,2026-09-12T21:00:56.031Z,4
q05,Guaruja_p14,0,flavia,2026-09-12T21:01:01.917Z,6
q05,Cubatao_p17,0,flavia,2026-09-12T21:01:03.670Z,2
q03,Santos_p9,0,flavia,2026-09-12T21:01:15.981Z,12
q05,Guaruja_p17,0,flavia,2026-09-12T21:01:24.034Z,8
q02,Cubatao_p19,0,flavia,2026-09-12T21:01:27.799Z,4
q05,Guaruja_p13,0,flavia,2026-09-12T21:01:31.042Z,3
q02,Cubatao_p15,0,flavia,2026-09-12T21:01:46.478Z,15
q01,Cubatao_p15,0,flavia,2026-09-12T21:01:48.808Z,2
q05,Cubatao_p7,0,flavia,2026-09-12T21:02:04.074Z,15
q05,Cubatao_p14,0,flavia,2026-09-12T21:02:07.093Z,3
q02,Cubatao_p7,0,flavia,2026-09-12T21:02:08.577Z,1
q03,Santos_p15,0,flavia,2026-09-12T21:02:18.151Z,10
q04,Guaruja_p18,0,flavia,2026-09-12T21:02:20.029Z,2
q02,Cubatao_p11,0,flavia,2026-09-12T21:02:21.483Z,1
q05,Santos_p5,0,flavia,2026-09-12T21:02:22.779Z,1
q03,Santos_p13,0,flavia,2026-09-12T21:02:34.110Z,11
q05,Santos_p2,0,flavia,2026-09-12T21:02:39.265Z,5
q03,Cubatao_p4,0,flavia,2026-09-12T21:02:40.767Z,2
q05,Santos_p11,0,flavia,2026-09-12T21:02:42.270Z,2
q05,Guaruja_p5,0,flavia,2026-09-12T21:02:45.873Z,4
q03,Cubatao_p6,0,flavia,2026-09-12T21:02:48.934Z,3
q05,Guaruja_p7,0,flavia,2026-09-12T21:04:07.713Z,79
q05,Santos_p9,0,flavia,2026-09-12T21:04:10.111Z,2
q05,Guaruja_p15,1,flavia,2026-09-12T21:04:25.667Z,16
q03,Santos_p10,1,flavia,2026-09-12T21:04:39.976Z,14
q05,Santos_p12,0,flavia,2026-09-12T21:04:45.236Z,5
q05,Cubatao_p19,0,flavia,2026-09-12T21:04:46.428Z,1
q05,Guaruja_p19,0,flavia,2026-09-12T21:05:02.837Z,16
q04,Guaruja_p12,0,flavia,2026-09-12T21:05:04.922Z,2
q03,Santos_p4,0,flavia,2026-09-12T21:05:12.641Z,8
q02,Guaruja_p3,0,flavia,2026-09-12T21:05:16.174Z,4
q05,Guaruja_p18,0,flavia,2026-09-12T21:05:20.570Z,4
q02,Guaruja_p7,0,flavia,2026-09-12T21:05:23.737Z,3
q05,Santos_p18,0,flavia,2026-09-12T21:05:25.195Z,1
q03,Santos_p14,0,flavia,2026-09-12T21:05:31.300Z,6
q02,Cubatao_p20,0,flavia,2026-09-12T21:05:35.706Z,4
q05,Guaruja_p2,0,flavia,2026-09-12T21:05:39.239Z,4
q03,Cubatao_p2,0,flavia,2026-09-12T21:05:42.370Z,3
q05,Cubatao_p15,0,flavia,2026-09-12T21:05:44.728Z,2
q01,Guaruja_p13,0,flavia,2026-09-12T21:05:48.250Z,4
q05,Santos_p6,0,flavia,2026-09-12T21:05:51.556Z,3
q04,Cubatao_p13,1,flavia,2026-09-12T21:06:03.203Z,12
q05,Santos_p10,0,victor,2026-09-12T23:44:54.579Z,40
q05,Guaruja_p14,0,victor,2026-09-12T23:45:18.930Z,24
q05,Santos_p7,0,victor,2026-09-20T01:00:17.546Z,25
q01,Santos_p14,0,victor,2026-09-20T01:00:39.715Z,22
q02,Cubatao_p2,0,victor,2026-09-20T01:00:55.152Z,15
q02,Guaruja_p9,0,victor,2026-09-20T01:01:07.103Z,12
q04,Guaruja_p11,0,victor,2026-09-20T01:03:31.879Z,145
q04,Santos_p9,0,victor,2026-09-20T01:03:49.030Z,17
q01,Santos_p2,2,victor,2026-09-20T01:04:33.394Z,44
q05,Santos_p16,0,victor,2026-09-20T01:04:59.214Z,26
q04,Guaruja_p13,0,victor,2026-09-20T01:05:14.308Z,15
q01,Cubatao_p7,0,victor,2026-09-20T01:10:59.373Z,345
q04,Guaruja_p20,0,victor,2026-09-20T01:11:19.257Z,20
q02,Santos_p4,1,victor,2026-09-20T01:12:52.128Z,93
q04,Santos_p6,0,victor,2026-09-20T01:14:50.764Z,119
q01,Guaruja_p11,0,victor,2026-09-20T01:15:09.714Z,19
q02,Guaruja_p8,0,victor,2026-09-20T01:15:40.608Z,31
q05,Cubatao_p16,0,victor,2026-09-20T01:16:01.689Z,21
q02,Cubatao_p3,0,victor,2026-09-20T01:16:18.368Z,17
q03,Cubatao_p10,0,victor,2026-09-20T01:27:39.448Z,681
q05,Cubatao_p1,0,victor,2026-09-20T01:28:00.440Z,21
q01,Guaruja_p18,0,victor,2026-09-20T01:28:15.767Z,15
q02,Guaruja_p3,0,victor,2026-09-20T01:28:25.745Z,10
q02,Santos_p6,0,victor,2026-09-20T01:28:44.649Z,19
q04,Cubatao_p1,0,victor,2026-09-20T01:29:08.169Z,24
q05,Cubatao_p11,0,victor,2026-09-20T01:29:18.820Z,11
q04,Santos_p12,0,victor,2026-09-20T01:29:31.832Z,13
q04,Cubatao_p3,0,victor,2026-09-20T01:29:42.468Z,11
q04,Cubatao_p4,0,victor,2026-09-20T01:29:55.644Z,13
q01,Santos_p20,0,victor,2026-09-20T01:30:15.103Z,19
q02,Guaruja_p1,0,victor,2026-09-20T01:30:25.751Z,11
q02,Guaruja_p11,0,victor,2026-09-20T01:30:45.815Z,20
q04,Santos_p3,0,victor,2026-09-20T01:31:25.709Z,40
q04,Cubatao_p10,0,victor,2026-09-20T01:31:39.846Z,14
q04,Santos_p13,0,victor,2026-09-20T01:34:06.090Z,146
q05,Guaruja_p7,0,victor,2026-09-20T01:40:58.110Z,412
q03,Guaruja_p9,0,victor,2026-09-20T01:41:09.646Z,12
q01,Santos_p10,0,victor,2026-09-20T01:41:39.498Z,30
q04,Santos_p17,0,victor,2026-09-20T01:42:02.703Z,23
q01,Cubatao_p19,0,victor,2026-09-20T01:42:10.779Z,8
q05,Guaruja_p17,1,victor,2026-09-20T01:43:40.280Z,90
q02,Santos_p8,0,victor,2026-09-20T01:43:53.722Z,13
q01,Cubatao_p9,0,victor,2026-09-20T01:44:23.586Z,30
q05,Santos_p9,0,victor,2026-09-20T01:44:36.498Z,13
q02,Santos_p3,0,victor,2026-09-20T01:44:55.979Z,19
q02,Cubatao_p5,0,victor,2026-09-20T01:45:16.464Z,20
q04,Santos_p5,0,victor,2026-09-20T01:45:40.446Z,24
q02,Cubatao_p15,0,victor,2026-09-20T01:45:55.991Z,16
q01,Santos_p7,2,victor,2026-09-20T01:47:53.727Z,118
q02,Cubatao_p16,0,victor,2026-09-20T01:48:15.821Z,22
q03,Guaruja_p11,0,victor,2026-09-20T01:48:51.949Z,36
q02,Cubatao_p14,0,victor,2026-09-20T02:30:30.462Z,2499
q02,Santos_p22,0,victor,2026-09-20T02:30:59.926Z,29
q02,Santos_p19,0,victor,2026-09-20T02:31:13.494Z,14
q05,Santos_p13,0,victor,2026-09-20T02:31:37.464Z,24
q02,Guaruja_p4,0,victor,2026-09-20T02:31:56.465Z,19
q01,Guaruja_p2,0,victor,2026-09-20T02:32:16.900Z,20
q02,Guaruja_p12,0,victor,2026-09-20T02:32:28.690Z,12
q01,Guaruja_p19,0,victor,2026-09-20T02:32:38.399Z,10
q01,Cubatao_p17,0,victor,2026-09-20T02:33:07.081Z,29
q04,Santos_p21,0,victor,2026-09-20T02:33:15.970Z,9
q05,Cubatao_p13,0,victor,2026-09-20T02:35:33.560Z,138
q02,Santos_p18,0,victor,2026-09-20T02:36:01.632Z,28
q02,Santos_p17,0,victor,2026-09-20T02:36:11.953Z,10
q01,Guaruja_p1,0,victor,2026-09-20T02:36:19.151Z,7
q05,Santos_p23,0,victor,2026-09-20T02:36:30.677Z,12
q03,Guaruja_p15,0,victor,2026-09-20T02:36:59.336Z,29
q03,Guaruja_p1,0,victor,2026-09-20T02:37:13.218Z,14
q04,Cubatao_p12,0,victor,2026-09-20T02:37:39.406Z,26
q02,Guaruja_p5,0,victor,2026-09-20T02:37:49.512Z,10
q01,Guaruja_p10,0,victor,2026-09-20T02:38:14.696Z,25
q05,Santos_p6,0,victor,2026-09-20T02:49:21.733Z,667
q02,Santos_p11,0,victor,2026-09-20T02:50:06.685Z,45
q02,Cubatao_p7,0,victor,2026-09-20T02:50:31.643Z,25
q01,Santos_p5,0,victor,2026-09-20T02:50:49.619Z,18
q02,Cubatao_p9,0,victor,2026-09-20T02:51:17.932Z,28
q01,Guaruja_p16,0,victor,2026-09-20T02:51:33.738Z,16
q04,Cubatao_p9,0,victor,2026-09-20T02:51:48.860Z,15
q01,Guaruja_p6,0,victor,2026-09-20T02:52:01.474Z,13
q01,Guaruja_p7,0,victor,2026-09-20T02:52:10.991Z,10
q01,Santos_p9,0,victor,2026-09-20T02:52:40.114Z,29
q02,Santos_p15,0,victor,2026-09-20T02:52:51.720Z,12
q04,Santos_p11,0,victor,2026-09-20T02:53:02.216Z,10
q02,Guaruja_p2,0,victor,2026-09-20T02:53:16.171Z,14
q01,Santos_p23,0,victor,2026-09-20T02:53:24.646Z,8
q02,Guaruja_p7,0,victor,2026-09-20T02:53:34.700Z,10
q02,Cubatao_p13,0,victor,2026-09-20T02:53:42.501Z,8
q03,Cubatao_p12,0,victor,2026-09-20T02:53:48.777Z,6
q05,Guaruja_p13,0,victor,2026-09-20T02:54:03.900Z,15
q03,Cubatao_p14,0,victor,2026-09-20T02:54:08.372Z,4
q02,Cubatao_p17,0,victor,2026-09-20T02:54:14.497Z,6
q01,Santos_p1,0,victor,2026-09-20T02:54:52.478Z,38
q01,Guaruja_p8,0,victor,2026-09-20T02:55:12.505Z,20
q02,Cubatao_p11,0,victor,2026-09-20T02:55:23.839Z,11
q04,Guaruja_p18,0,victor,2026-09-20T02:55:37.941Z,14
q04,Santos_p1,0,victor,2026-09-20T02:55:47.552Z,10
q05,Santos_p22,0,victor,2026-09-20T02:56:20.200Z,33
q01,Cubatao_p2,0,victor,2026-09-20T02:56:28.387Z,8
q03,Guaruja_p10,0,victor,2026-09-20T02:56:42.377Z,12
q05,Cubatao_p6,0,victor,2026-09-20T02:56:54.739Z,12
q04,Cubatao_p15,0,victor,2026-09-20T02:57:14.826Z,20
q03,Guaruja_p17,0,victor,2026-09-20T02:57:26.870Z,12
q05,Santos_p17,0,victor,2026-09-20T02:57:39.157Z,12
q02,Cubatao_p19,0,victor,2026-09-20T02:57:48.206Z,9
q02,Cubatao_p6,0,victor,2026-09-20T02:58:01.474Z,13
q02,Cubatao_p20,0,victor,2026-09-20T02:58:06.858Z,5
q02,Guaruja_p16,0,victor,2026-09-20T02:58:16.550Z,10
q02,Cubatao_p4,0,victor,2026-09-20T02:58:32.146Z,16
q04,Guaruja_p3,0,victor,2026-09-20T02:58:44.846Z,1
q04,Guaruja_p8,0,victor,2026-09-20T02:59:03.828Z,19
q03,Santos_p20,0,victor,2026-09-20T02:59:04.409Z,1
q03,Guaruja_p16,0,victor,2026-09-20T02:59:11.328Z,7
q03,Cubatao_p7,0,victor,2026-09-20T02:59:16.923Z,6
q05,Cubatao_p9,0,victor,2026-09-20T02:59:32.396Z,15
q01,Santos_p17,0,victor,2026-09-20T02:59:40.168Z,8
q05,Santos_p2,0,victor,2026-09-20T03:00:01.870Z,22
q03,Guaruja_p4,0,victor,2026-09-20T03:00:20.526Z,19
q01,Guaruja_p20,0,victor,2026-09-20T03:00:30.684Z,10
q04,Santos_p4,0,victor,2026-09-20T03:00:46.435Z,16
q01,Cubatao_p5,0,victor,2026-09-20T03:00:55.105Z,9
q04,Cubatao_p19,0,victor,2026-09-20T03:01:06.413Z,11
q01,Guaruja_p5,0,victor,2026-09-20T03:01:20.778Z,14
q05,Cubatao_p10,0,victor,2026-09-20T03:01:37.863Z,17
q03,Cubatao_p16,0,victor,2026-09-20T03:01:44.912Z,7
q04,Santos_p14,0,victor,2026-09-20T03:01:57.500Z,13
q05,Cubatao_p4,0,victor,2026-09-20T03:02:18.157Z,21
q01,Santos_p22,0,victor,2026-09-20T03:02:32.679Z,15
q04,Guaruja_p19,0,victor,2026-09-20T03:02:38.406Z,6
q05,Santos_p15,0,victor,2026-09-20T03:02:48.864Z,10
q02,Santos_p12,0,victor,2026-09-20T03:03:00.511Z,12
q04,Cubatao_p11,0,victor,2026-09-20T03:03:05.312Z,5
q03,Guaruja_p2,0,victor,2026-09-20T03:03:26.595Z,21
q05,Guaruja_p19,0,victor,2026-09-20T03:03:35.798Z,9
q03,Guaruja_p19,0,victor,2026-09-20T03:03:39.219Z,3
q02,Santos_p7,0,victor,2026-09-20T03:03:50.047Z,11
q01,Cubatao_p4,0,victor,2026-09-20T03:03:55.204Z,5
q04,Cubatao_p7,0,victor,2026-09-20T03:04:01.956Z,7
q01,Cubatao_p12,0,victor,2026-09-20T03:04:09.917Z,8
q01,Santos_p15,0,victor,2026-09-20T03:04:21.577Z,12
q02,Santos_p10,0,victor,2026-09-20T03:04:36.763Z,15
q01,Guaruja_p15,0,victor,2026-09-20T03:04:48.317Z,12
q01,Cubatao_p15,0,victor,2026-09-20T03:04:54.233Z,6
q01,Santos_p16,0,victor,2026-09-20T03:05:20.624Z,26
q04,Guaruja_p7,0,victor,2026-09-20T03:05:26.672Z,6
q04,Guaruja_p6,0,victor,2026-09-20T03:05:29.566Z,3
q05,Santos_p8,0,victor,2026-09-20T03:05:34.221Z,5
q02,Guaruja_p6,0,victor,2026-09-20T03:05:39.933Z,6
q01,Santos_p18,0,victor,2026-09-20T03:06:08.899Z,5
q04,Santos_p16,0,victor,2026-09-20T03:06:41.673Z,33
q03,Guaruja_p18,0,victor,2026-09-20T03:06:51.287Z,10
q03,Santos_p8,0,victor,2026-09-20T03:06:59.432Z,8
q05,Cubatao_p17,0,victor,2026-09-20T03:07:05.006Z,6
q05,Santos_p5,0,victor,2026-09-20T03:07:15.475Z,10
q05,Guaruja_p15,1,victor,2026-09-20T03:08:01.248Z,46
q02,Santos_p16,0,victor,2026-09-20T03:08:15.547Z,14
q01,Guaruja_p17,0,victor,2026-09-20T03:08:23.947Z,8
q04,Guaruja_p9,0,victor,2026-09-20T03:08:29.409Z,5
q03,Cubatao_p19,0,victor,2026-09-20T03:08:33.739Z,4
q04,Cubatao_p2,1,victor,2026-09-20T03:10:19.214Z,105
q05,Guaruja_p3,0,victor,2026-09-20T03:10:29.069Z,10
q04,Santos_p8,0,victor,2026-09-20T03:10:36.745Z,8
q03,Cubatao_p9,0,victor,2026-09-20T03:10:43.195Z,6
q01,Guaruja_p9,0,victor,2026-09-20T03:10:47.462Z,4
q01,Santos_p3,0,victor,2026-09-20T03:10:56.619Z,9
q02,Guaruja_p13,0,victor,2026-09-20T03:11:04.409Z,8
q04,Santos_p23,0,victor,2026-09-20T03:11:08.041Z,4
q03,Santos_p17,1,victor,2026-09-20T03:11:38.879Z,31
q05,Santos_p12,0,victor,2026-09-20T03:11:43.519Z,5
q03,Cubatao_p15,0,victor,2026-09-20T03:11:47.690Z,4
q01,Cubatao_p20,0,victor,2026-09-20T03:11:52.386Z,5
q04,Guaruja_p17,0,victor,2026-09-20T03:11:57.243Z,5
q03,Guaruja_p14,0,victor,2026-09-20T03:12:00.833Z,4
q02,Guaruja_p19,0,victor,2026-09-20T03:12:05.331Z,4
q03,Cubatao_p20,0,victor,2026-09-20T03:12:08.894Z,4
q05,Guaruja_p5,0,victor,2026-09-20T03:12:14.637Z,6
q04,Santos_p10,0,victor,2026-09-20T03:12:20.702Z,6
q02,Guaruja_p17,0,victor,2026-09-20T03:12:26.042Z,5
q03,Santos_p9,0,victor,2026-09-20T03:12:40.161Z,3
q04,Cubatao_p13,0,victor,2026-09-20T03:12:51.068Z,11
q03,Guaruja_p6,0,victor,2026-09-20T03:12:59.935Z,9
q01,Santos_p21,0,victor,2026-09-20T03:13:03.580Z,4
q01,Guaruja_p14,0,victor,2026-09-20T03:13:08.924Z,5
q04,Guaruja_p5,0,victor,2026-09-20T03:13:13.361Z,4
q05,Cubatao_p5,0,victor,2026-09-20T03:13:26.886Z,2
q04,Guaruja_p10,0,victor,2026-09-20T03:13:30.424Z,4
q03,Santos_p2,0,victor,2026-09-20T03:13:54.266Z,24
q05,Santos_p1,0,victor,2026-09-20T03:13:58.948Z,5
q05,Guaruja_p16,0,victor,2026-09-20T03:14:06.616Z,8
q01,Santos_p4,0,victor,2026-09-20T03:14:27.919Z,21
q04,Cubatao_p8,0,victor,2026-09-20T03:14:41.700Z,14
q03,Santos_p16,0,victor,2026-09-20T03:14:53.412Z,12
q01,Guaruja_p3,0,victor,2026-09-20T03:14:58.528Z,5
q03,Santos_p21,0,victor,2026-09-20T03:15:01.012Z,2
q03,Cubatao_p6,0,victor,2026-09-20T03:15:04.989Z,4
q03,Santos_p4,0,victor,2026-09-20T03:15:14.444Z,9
q05,Cubatao_p2,0,victor,2026-09-20T03:15:17.519Z,3
q02,Guaruja_p20,0,victor,2026-09-20T03:15:21.360Z,4
q01,Cubatao_p6,0,victor,2026-09-20T03:15:24.867Z,4
q03,Cubatao_p8,0,victor,2026-09-20T03:15:30.059Z,5
q05,Santos_p11,0,victor,2026-09-20T03:15:33.711Z,4
q05,Santos_p14,0,victor,2026-09-20T03:15:37.219Z,4
q03,Cubatao_p13,0,victor,2026-09-20T03:15:46.242Z,9
q03,Cubatao_p1,0,victor,2026-09-20T03:15:51.212Z,5
q03,Cubatao_p11,0,victor,2026-09-20T03:15:53.667Z,2
q03,Guaruja_p13,0,victor,2026-09-20T03:16:00.516Z,7
q03,Guaruja_p7,0,victor,2026-09-20T03:16:04.904Z,4
q02,Santos_p5,0,victor,2026-09-20T03:16:11.862Z,7
q03,Cubatao_p17,0,victor,2026-09-20T03:16:14.984Z,3
q01,Cubatao_p3,0,victor,2026-09-20T03:16:18.370Z,3
q02,Santos_p2,0,victor,2026-09-20T03:16:35.119Z,17
q03,Guaruja_p8,0,victor,2026-09-20T03:16:41.899Z,7
q04,Santos_p7,0,victor,2026-09-20T03:16:50.341Z,8
q01,Guaruja_p13,0,victor,2026-09-20T03:16:57.575Z,7
q03,Cubatao_p5,0,victor,2026-09-20T03:17:02.852Z,5
q04,Santos_p20,0,victor,2026-09-20T03:17:05.890Z,3
q04,Guaruja_p15,0,victor,2026-09-20T03:17:12.736Z,7
q05,Cubatao_p8,0,victor,2026-09-20T03:17:23.936Z,11
q05,Guaruja_p8,0,victor,2026-09-20T03:17:39.360Z,15
q01,Guaruja_p12,0,victor,2026-09-20T03:17:44.525Z,5
q01,Cubatao_p14,0,victor,2026-09-20T03:17:50.272Z,6
q03,Guaruja_p5,0,victor,2026-09-20T03:17:54.085Z,4
q05,Guaruja_p1,2,victor,2026-09-20T03:18:02.396Z,8
q03,Santos_p22,0,victor,2026-09-20T03:18:07.675Z,5
q04,Santos_p2,0,victor,2026-09-20T03:18:29.959Z,22
q05,Guaruja_p20,0,victor,2026-09-20T03:18:42.384Z,12
q03,Guaruja_p12,0,victor,2026-09-20T03:18:49.980Z,8
q02,Santos_p1,0,victor,2026-09-20T03:19:03.074Z,13
q03,Santos_p19,0,victor,2026-09-20T03:19:22.341Z,19
q03,Guaruja_p20,0,victor,2026-09-20T03:19:30.610Z,8
q02,Santos_p14,2,victor,2026-09-20T03:19:39.357Z,9
q03,Santos_p13,0,victor,2026-09-20T03:19:48.596Z,9
q05,Santos_p21,0,victor,2026-09-20T03:19:51.633Z,3
q04,Cubatao_p20,0,victor,2026-09-20T03:20:00.387Z,9
q04,Santos_p15,0,victor,2026-09-20T03:20:06.505Z,6
q02,Guaruja_p14,0,victor,2026-09-20T03:20:11.550Z,5
q05,Cubatao_p15,0,victor,2026-09-20T03:20:14.491Z,3
q03,Santos_p7,0,victor,2026-09-20T03:20:20.041Z,6
q01,Santos_p12,0,victor,2026-09-20T03:20:30.558Z,3
q02,Santos_p13,0,victor,2026-09-20T03:20:41.370Z,11
q04,Santos_p22,0,victor,2026-09-20T03:20:45.819Z,4
q01,Santos_p6,0,victor,2026-09-20T03:22:42.568Z,117
q05,Cubatao_p19,0,victor,2026-09-20T03:22:47.168Z,5
q05,Guaruja_p2,0,victor,2026-09-20T03:23:00.432Z,13
q04,Cubatao_p16,0,victor,2026-09-20T03:23:07.773Z,7
q04,Guaruja_p14,0,victor,2026-09-20T03:23:12.836Z,5
q01,Santos_p19,0,victor,2026-09-20T03:23:22.139Z,9
q03,Santos_p10,0,victor,2026-09-20T03:23:38.657Z,17
q04,Cubatao_p18,0,victor,2026-09-20T03:23:50.423Z,12
q04,Guaruja_p1,0,victor,2026-09-20T03:23:56.211Z,6
q05,Santos_p3,0,victor,2026-09-20T03:24:02.975Z,7
q05,Cubatao_p12,0,victor,2026-09-20T03:24:08.690Z,6
q01,Santos_p11,0,victor,2026-09-20T03:24:17.877Z,9
q01,Cubatao_p1,0,victor,2026-09-20T03:24:31.594Z,14
q03,Cubatao_p2,0,victor,2026-09-20T03:24:38.675Z,7
q01,Cubatao_p10,0,victor,2026-09-20T03:24:44.328Z,6
q04,Guaruja_p4,0,victor,2026-09-20T03:24:50.094Z,6
q01,Santos_p13,0,victor,2026-09-20T03:25:01.408Z,11
q01,Cubatao_p8,0,victor,2026-09-20T03:25:05.614Z,4
q04,Santos_p18,0,victor,2026-09-20T03:25:38.302Z,33
q03,Santos_p6,0,victor,2026-09-20T03:26:12.098Z,34
q05,Cubatao_p20,0,victor,2026-09-20T03:26:17.827Z,6
q05,Guaruja_p9,0,victor,2026-09-20T03:26:25.978Z,8
q03,Santos_p15,0,victor,2026-09-20T03:26:39.131Z,13
q02,Guaruja_p15,0,victor,2026-09-20T03:26:49.017Z,10
q04,Cubatao_p14,0,victor,2026-09-20T03:27:07.433Z,18
q03,Santos_p11,0,victor,2026-09-20T03:27:16.923Z,9
q04,Cubatao_p5,0,victor,2026-09-20T03:27:22.412Z,5
q03,Cubatao_p4,0,victor,2026-09-20T03:27:27.246Z,5
q03,Santos_p3,0,victor,2026-09-20T03:27:35.176Z,8
q02,Guaruja_p18,0,victor,2026-09-20T03:27:52.375Z,4
q03,Cubatao_p3,0,victor,2026-09-20T03:27:57.251Z,5
q03,Santos_p12,0,victor,2026-09-20T03:28:04.031Z,7
q03,Santos_p14,0,victor,2026-09-20T03:28:09.244Z,5
q05,Cubatao_p18,0,victor,2026-09-20T03:28:21.887Z,13
q03,Santos_p1,2,victor,2026-09-20T03:28:31.761Z,10
q03,Santos_p18,2,victor,2026-09-20T03:28:34.983Z,3
q04,Cubatao_p17,0,victor,2026-09-20T03:28:41.896Z,7
q03,Santos_p23,0,victor,2026-09-20T03:28:44.170Z,2
q05,Santos_p4,0,victor,2026-09-20T03:28:54.933Z,11
q03,Santos_p5,0,victor,2026-09-20T03:29:01.701Z,7
q05,Guaruja_p18,0,victor,2026-09-20T03:29:27.464Z,26
q04,Guaruja_p2,0,victor,2026-09-20T03:29:39.716Z,12
q01,Cubatao_p13,0,victor,2026-09-20T03:29:43.523Z,4
q05,Guaruja_p6,0,victor,2026-09-20T03:29:51.222Z,8
q03,Guaruja_p3,0,victor,2026-09-20T03:29:55.530Z,4
q02,Guaruja_p10,0,victor,2026-09-20T03:30:03.371Z,8
q04,Santos_p19,2,victor,2026-09-20T03:30:21.756Z,18
q05,Guaruja_p12,0,victor,2026-09-20T03:31:11.794Z,50
q05,Santos_p20,0,victor,2026-09-20T03:31:16.645Z,5
q05,Cubatao_p14,0,victor,2026-09-20T03:31:19.585Z,3
q01,Cubatao_p11,0,victor,2026-09-20T04:00:17.959Z,7
q01,Cubatao_p16,0,victor,2026-09-20T04:00:22.977Z,5
q01,Cubatao_p18,0,victor,2026-09-20T04:00:49.156Z,26
q01,Guaruja_p4,0,victor,2026-09-20T04:00:55.320Z,6
q01,Santos_p8,0,victor,2026-09-20T04:00:58.705Z,3
q02,Cubatao_p1,0,victor,2026-09-20T04:01:06.827Z,8
q02,Cubatao_p10,0,victor,2026-09-20T04:01:09.581Z,3
q02,Cubatao_p12,0,victor,2026-09-20T04:01:13.788Z,4
q02,Cubatao_p18,0,victor,2026-09-20T04:01:19.503Z,6
q02,Cubatao_p8,0,victor,2026-09-20T04:01:43.273Z,24
q02,Santos_p20,0,victor,2026-09-20T04:01:47.653Z,4
q02,Santos_p21,0,victor,2026-09-20T04:01:50.202Z,3
q02,Santos_p23,0,victor,2026-09-20T04:01:52.147Z,2
q02,Santos_p9,0,victor,2026-09-20T04:01:54.615Z,2
q03,Cubatao_p18,0,victor,2026-09-20T04:01:58.475Z,4
q04,Cubatao_p6,0,victor,2026-09-20T04:02:04.375Z,6
q04,Guaruja_p12,0,victor,2026-09-20T04:02:19.887Z,1
q04,Guaruja_p16,0,victor,2026-09-20T04:02:22.984Z,3
q05,Cubatao_p3,0,victor,2026-09-20T04:02:25.629Z,3
q05,Cubatao_p7,0,victor,2026-09-20T04:02:28.642Z,3
q05,Guaruja_p10,0,victor,2026-09-20T04:02:37.758Z,9
q05,Guaruja_p11,0,victor,2026-09-20T04:02:43.546Z,6
q05,Guaruja_p4,0,victor,2026-09-20T04:02:48.519Z,5
q05,Santos_p18,0,victor,2026-09-20T04:02:51.275Z,3
q05,Santos_p19,0,victor,2026-09-20T04:02:54.989Z,4
q09,Guaruja_p5,0,victor,2026-09-24T17:09:55.034Z,20
q07,Santos_p16,0,victor,2026-09-24T17:10:06.778Z,12
q08,Santos_p2,0,victor,2026-09-24T17:10:32.931Z,26
q07,Guaruja_p10,0,victor,2026-09-24T17:10:45.814Z,13
q10,Guaruja_p10,0,victor,2026-09-24T17:10:52.325Z,7
q07,Guaruja_p7,0,victor,2026-09-24T17:11:05.041Z,13
q06,Santos_p16,0,victor,2026-09-24T17:11:13.247Z,8
q07,Cubatao_p19,0,victor,2026-09-24T17:11:23.562Z,10
q09,Guaruja_p8,0,victor,2026-09-24T17:11:36.517Z,13
q08,Santos_p11,0,victor,2026-09-24T17:11:40.312Z,4
q07,Cubatao_p4,0,victor,2026-09-24T17:11:54.196Z,14
q07,Cubatao_p16,0,victor,2026-09-24T17:12:01.225Z,7
q07,Santos_p8,0,victor,2026-09-24T17:12:08.560Z,7
q08,Cubatao_p5,0,victor,2026-09-24T17:12:17.521Z,9
q08,Santos_p6,0,victor,2026-09-24T17:12:29.898Z,12
q07,Cubatao_p12,0,victor,2026-09-24T17:12:55.454Z,26
q10,Cubatao_p18,0,victor,2026-09-24T17:13:07.313Z,12
q06,Santos_p2,0,victor,2026-09-24T17:13:26.674Z,19
q10,Cubatao_p4,0,victor,2026-09-24T17:13:33.978Z,7
q07,Cubatao_p8,2,victor,2026-09-24T17:13:52.479Z,19
q06,Santos_p1,0,victor,2026-09-24T17:14:04.892Z,12
q10,Santos_p12,0,victor,2026-09-24T17:14:08.914Z,4
q07,Cubatao_p11,0,victor,2026-09-24T17:14:16.962Z,8
q10,Santos_p9,0,victor,2026-09-24T17:14:24.596Z,8
q09,Guaruja_p20,0,victor,2026-09-24T17:17:22.516Z,178
q10,Cubatao_p20,0,victor,2026-09-24T17:18:11.857Z,49
q07,Cubatao_p7,0,victor,2026-09-24T17:18:29.570Z,18
q10,Cubatao_p3,0,victor,2026-09-24T17:18:35.835Z,6
q10,Guaruja_p9,0,victor,2026-09-24T17:18:48.316Z,12
q10,Cubatao_p10,0,victor,2026-09-24T17:19:14.992Z,27
q07,Santos_p10,0,victor,2026-09-24T17:20:55.934Z,101
q06,Santos_p8,0,victor,2026-09-24T17:32:16.473Z,681
q07,Guaruja_p19,0,victor,2026-09-24T17:43:13.962Z,657
q07,Cubatao_p10,0,victor,2026-09-24T17:47:51.864Z,278
q06,Cubatao_p18,0,victor,2026-09-24T17:48:09.909Z,18
q06,Santos_p18,0,victor,2026-09-24T17:48:24.518Z,15
q07,Guaruja_p6,0,victor,2026-09-24T17:48:32.535Z,8
q07,Santos_p13,0,victor,2026-09-24T17:49:05.444Z,33
q08,Santos_p19,0,victor,2026-09-24T17:49:14.786Z,9
q10,Santos_p19,0,victor,2026-09-24T17:49:32.022Z,17
q06,Guaruja_p15,0,victor,2026-09-24T17:49:37.423Z,5
q10,Cubatao_p17,0,victor,2026-09-24T17:49:46.293Z,9
q06,Guaruja_p2,0,victor,2026-09-24T17:51:55.440Z,129
q06,Guaruja_p16,0,victor,2026-09-24T17:52:05.518Z,10
q10,Guaruja_p4,0,victor,2026-09-24T17:52:43.972Z,38
q09,Cubatao_p18,0,victor,2026-09-24T17:53:12.673Z,29
q08,Guaruja_p9,0,victor,2026-09-24T17:53:17.595Z,5
q06,Guaruja_p9,0,victor,2026-09-24T17:53:19.700Z,2
q10,Santos_p11,0,victor,2026-09-24T17:53:24.030Z,4
q07,Cubatao_p1,0,victor,2026-09-24T17:53:36.846Z,13
q06,Santos_p10,0,victor,2026-09-24T17:53:54.628Z,18
q07,Guaruja_p3,0,victor,2026-09-24T17:55:23.641Z,89
q08,Guaruja_p19,0,victor,2026-09-24T17:55:36.777Z,13
q09,Santos_p13,0,victor,2026-09-24T18:14:09.195Z,64
q07,Santos_p2,0,victor,2026-09-24T18:14:15.680Z,6
q09,Santos_p3,0,victor,2026-09-24T18:14:21.274Z,6
q09,Santos_p12,0,victor,2026-09-24T18:14:26.175Z,5
q09,Cubatao_p7,0,victor,2026-09-24T18:14:39.660Z,13
q06,Cubatao_p11,0,victor,2026-09-24T18:14:51.380Z,1
q08,Santos_p9,0,victor,2026-09-24T18:14:58.123Z,7
q08,Santos_p20,0,victor,2026-09-24T18:15:04.797Z,7
q07,Cubatao_p13,0,victor,2026-09-24T18:17:02.580Z,118
q06,Guaruja_p5,0,victor,2026-09-24T18:17:07.621Z,5
q09,Guaruja_p10,0,victor,2026-09-24T18:17:14.914Z,7
q09,Guaruja_p16,0,victor,2026-09-24T18:17:21.671Z,7
q06,Santos_p14,0,victor,2026-09-24T18:17:25.090Z,3
q09,Santos_p4,0,victor,2026-09-24T18:17:28.827Z,4
q08,Cubatao_p2,0,victor,2026-09-24T18:17:34.497Z,6
q06,Cubatao_p20,0,victor,2026-09-24T18:17:38.656Z,4
q08,Santos_p13,0,victor,2026-09-24T18:17:46.582Z,8
q08,Cubatao_p4,0,victor,2026-09-24T18:18:38.158Z,52
q07,Santos_p4,0,victor,2026-09-24T18:33:55.974Z,918
q07,Santos_p17,0,victor,2026-09-24T18:34:03.489Z,8
q08,Cubatao_p13,0,victor,2026-09-24T18:34:20.365Z,17
q09,Cubatao_p2,0,victor,2026-09-24T18:34:33.585Z,13
q07,Guaruja_p2,0,victor,2026-09-24T18:35:39.048Z,65
q09,Santos_p7,0,victor,2026-09-24T18:35:46.647Z,8
q08,Santos_p8,0,victor,2026-09-24T18:35:51.060Z,4
q07,Guaruja_p17,0,victor,2026-09-24T18:35:56.305Z,5
q07,Cubatao_p18,0,victor,2026-09-24T18:36:01.514Z,5
q10,Santos_p21,0,victor,2026-09-24T18:36:06.104Z,5
q10,Santos_p4,0,victor,2026-09-24T18:36:13.685Z,8
q07,Cubatao_p17,0,victor,2026-09-24T18:36:24.590Z,11
q07,Guaruja_p1,0,victor,2026-09-24T18:36:29.830Z,5
q08,Guaruja_p2,0,victor,2026-09-24T18:36:43.295Z,13
q09,Cubatao_p6,0,victor,2026-09-24T18:36:55.023Z,12
q09,Cubatao_p16,0,victor,2026-09-24T18:36:59.267Z,4
q09,Cubatao_p1,2,victor,2026-09-24T18:37:15.072Z,16
q08,Guaruja_p13,0,victor,2026-09-24T18:37:22.342Z,7
q06,Guaruja_p14,0,victor,2026-09-24T18:37:55.926Z,34
q07,Guaruja_p15,0,victor,2026-09-24T18:37:58.750Z,3
q07,Cubatao_p15,0,victor,2026-09-24T18:38:11.040Z,12
q07,Cubatao_p20,0,victor,2026-09-24T18:38:24.671Z,14
q07,Guaruja_p18,0,victor,2026-09-24T18:38:31.166Z,6
q08,Santos_p3,0,victor,2026-09-24T18:38:34.408Z,3
q08,Guaruja_p5,0,victor,2026-09-24T18:38:40.783Z,6
q10,Cubatao_p11,0,victor,2026-09-24T18:38:45.907Z,5
q08,Guaruja_p11,0,victor,2026-09-24T18:38:56.759Z,11
q07,Santos_p22,0,victor,2026-09-24T18:39:02.038Z,5
q10,Cubatao_p8,0,victor,2026-09-24T18:39:05.172Z,3
q06,Santos_p20,0,victor,2026-09-24T18:39:16.503Z,11
q10,Santos_p5,0,victor,2026-09-24T18:39:25.137Z,9
q09,Cubatao_p13,0,victor,2026-09-24T18:39:32.943Z,8
q10,Santos_p10,0,victor,2026-09-24T18:39:42.150Z,9
q06,Santos_p11,0,victor,2026-09-24T18:39:53.111Z,11
q07,Guaruja_p8,0,victor,2026-09-24T18:40:04.427Z,11
q09,Guaruja_p1,0,victor,2026-09-24T18:40:11.852Z,7
q07,Guaruja_p4,0,victor,2026-09-24T18:40:20.133Z,8
q08,Cubatao_p3,0,victor,2026-09-24T18:40:27.343Z,7
q10,Cubatao_p19,0,victor,2026-09-24T18:40:32.533Z,5
q07,Guaruja_p20,0,victor,2026-09-24T18:40:38.278Z,6
q08,Santos_p18,0,victor,2026-09-24T18:40:48.606Z,10
q10,Guaruja_p1,0,victor,2026-09-24T18:40:58.252Z,10
q07,Santos_p23,0,victor,2026-09-24T18:41:09.286Z,11
q09,Santos_p11,0,victor,2026-09-24T18:41:14.595Z,5
q09,Cubatao_p11,0,victor,2026-09-24T18:41:22.905Z,8
q07,Cubatao_p3,0,victor,2026-09-24T18:41:29.218Z,6
q08,Cubatao_p16,0,victor,2026-09-24T18:41:35.022Z,6
q07,Santos_p1,0,victor,2026-09-24T18:41:38.372Z,3
q09,Guaruja_p14,0,victor,2026-09-24T18:41:43.035Z,5
q10,Cubatao_p16,0,victor,2026-09-24T18:41:46.424Z,3
q06,Santos_p6,0,victor,2026-09-24T18:41:56.930Z,11
q07,Santos_p3,0,victor,2026-09-24T18:42:02.165Z,5
q10,Santos_p2,0,victor,2026-09-24T18:42:07.667Z,6
q10,Cubatao_p15,0,victor,2026-09-24T18:42:12.838Z,5
q09,Guaruja_p7,0,victor,2026-09-24T18:42:16.818Z,4
q08,Guaruja_p7,0,victor,2026-09-24T18:42:26.008Z,9
q09,Guaruja_p3,0,victor,2026-09-24T18:42:32.085Z,6
q06,Guaruja_p20,0,victor,2026-09-24T18:42:36.396Z,4
q09,Guaruja_p15,0,victor,2026-09-24T18:42:40.090Z,4
q10,Guaruja_p8,0,victor,2026-09-24T18:42:55.988Z,4
q06,Cubatao_p3,0,victor,2026-09-24T18:43:01.469Z,1
q06,Cubatao_p12,0,victor,2026-09-24T18:43:03.943Z,2
q10,Santos_p13,0,victor,2026-09-24T18:43:08.930Z,5
q09,Santos_p23,0,victor,2026-09-24T18:43:12.686Z,4
q10,Santos_p18,0,victor,2026-09-24T18:43:18.705Z,6
q10,Guaruja_p7,0,victor,2026-09-24T18:43:24.194Z,5
q10,Santos_p1,0,victor,2026-09-24T18:43:29.526Z,5
q10,Cubatao_p2,0,victor,2026-09-24T18:43:34.091Z,5
q06,Cubatao_p16,0,victor,2026-09-24T18:43:36.976Z,3
q08,Guaruja_p6,2,victor,2026-09-24T18:48:44.000Z,307
q10,Guaruja_p6,0,victor,2026-09-24T18:48:47.007Z,3
q09,Guaruja_p19,0,victor,2026-09-24T18:48:53.291Z,6
q08,Cubatao_p12,0,victor,2026-09-24T18:48:57.522Z,4
q10,Santos_p7,0,victor,2026-09-24T18:49:02.858Z,5
q06,Santos_p23,0,victor,2026-09-24T18:49:07.419Z,5
q07,Santos_p21,0,victor,2026-09-24T18:49:10.395Z,3
q07,Guaruja_p5,0,victor,2026-09-24T18:49:13.478Z,3
q09,Santos_p10,0,victor,2026-09-24T18:49:17.828Z,4
q07,Guaruja_p14,0,victor,2026-09-24T18:49:21.435Z,4
q10,Santos_p3,0,victor,2026-09-24T18:49:26.656Z,5
q08,Cubatao_p14,0,victor,2026-09-24T18:49:31.793Z,5
q10,Guaruja_p19,2,victor,2026-09-24T18:49:39.692Z,8
q07,Cubatao_p9,2,victor,2026-09-24T18:49:58.660Z,19
q09,Santos_p6,0,victor,2026-09-24T18:50:07.643Z,9
q06,Santos_p5,0,victor,2026-09-24T18:50:20.864Z,2
q08,Santos_p1,0,victor,2026-09-24T18:50:21.222Z,0
q06,Guaruja_p10,0,victor,2026-09-24T18:50:24.500Z,3
q08,Santos_p15,0,victor,2026-09-24T18:50:27.158Z,3
q09,Santos_p18,0,victor,2026-09-24T18:50:30.790Z,4
q06,Guaruja_p17,0,victor,2026-09-24T18:50:34.371Z,4
q09,Guaruja_p9,0,victor,2026-09-24T18:50:41.006Z,2
q06,Cubatao_p14,0,victor,2026-09-24T18:50:43.358Z,2
q07,Santos_p18,0,victor,2026-09-24T18:50:48.502Z,5
q10,Cubatao_p9,0,victor,2026-09-24T18:50:54.084Z,6
q08,Cubatao_p11,0,victor,2026-09-24T18:50:58.871Z,5
q09,Cubatao_p20,2,victor,2026-09-24T18:51:16.046Z,1
q07,Santos_p12,0,victor,2026-09-24T18:51:19.441Z,3
q06,Santos_p13,0,victor,2026-09-24T18:51:23.394Z,4
q10,Guaruja_p3,0,victor,2026-09-24T18:51:34.118Z,5
q07,Cubatao_p14,0,victor,2026-09-24T18:51:41.684Z,8
q09,Cubatao_p4,0,victor,2026-09-24T18:51:52.026Z,10
q08,Santos_p12,0,victor,2026-09-24T18:51:54.744Z,3
q10,Cubatao_p6,0,victor,2026-09-24T18:51:58.257Z,4
q07,Cubatao_p2,0,victor,2026-09-24T18:52:02.721Z,4
q08,Cubatao_p20,0,victor,2026-09-24T18:52:05.766Z,3
q10,Cubatao_p13,0,victor,2026-09-24T18:52:09.480Z,4
q06,Santos_p3,0,victor,2026-09-24T18:52:12.368Z,3
q09,Cubatao_p15,0,victor,2026-09-24T18:52:18.543Z,6
q07,Guaruja_p9,0,victor,2026-09-24T18:52:20.577Z,2
q08,Santos_p4,0,victor,2026-09-24T18:52:23.899Z,3
q10,Guaruja_p11,0,victor,2026-09-24T18:52:34.027Z,10
q09,Santos_p16,0,victor,2026-09-24T18:52:37.900Z,2
q06,Santos_p22,2,victor,2026-09-24T18:52:49.514Z,12
q07,Guaruja_p13,0,victor,2026-09-24T18:52:55.751Z,1
q07,Santos_p20,0,victor,2026-09-24T18:52:57.382Z,2
q09,Santos_p2,0,victor,2026-09-24T18:52:59.094Z,2
q07,Cubatao_p6,0,victor,2026-09-24T18:53:05.647Z,5
q09,Guaruja_p11,0,victor,2026-09-24T18:53:08.072Z,2
q09,Santos_p9,0,victor,2026-09-24T18:53:11.950Z,4
q09,Santos_p21,0,victor,2026-09-24T18:53:14.173Z,2
q09,Cubatao_p10,0,victor,2026-09-24T18:53:20.372Z,6
q06,Cubatao_p2,0,victor,2026-09-24T18:53:25.315Z,5
q08,Guaruja_p18,0,victor,2026-09-24T18:53:31.805Z,6
q06,Guaruja_p7,0,victor,2026-09-24T18:53:35.009Z,3
q10,Guaruja_p2,0,victor,2026-09-24T18:53:44.847Z,10
q10,Cubatao_p1,0,victor,2026-09-24T18:53:49.835Z,5
q08,Santos_p5,0,victor,2026-09-24T18:53:52.116Z,2
q08,Guaruja_p3,0,victor,2026-09-24T18:53:57.424Z,5
q09,Cubatao_p12,0,victor,2026-09-24T18:54:09.034Z,5
q08,Guaruja_p20,0,victor,2026-09-24T18:54:12.179Z,3
q06,Guaruja_p1,0,victor,2026-09-24T18:54:14.855Z,3
q06,Cubatao_p15,0,victor,2026-09-24T18:54:17.863Z,3
q08,Santos_p23,0,victor,2026-09-24T18:54:23.335Z,5
q10,Santos_p8,0,victor,2026-09-24T18:54:26.464Z,3
q08,Cubatao_p6,0,victor,2026-09-24T18:54:31.922Z,5
q07,Cubatao_p5,0,victor,2026-09-24T18:54:48.597Z,17
q09,Santos_p15,0,victor,2026-09-24T18:54:52.421Z,4
q06,Guaruja_p11,0,victor,2026-09-24T18:54:55.418Z,3
q06,Santos_p7,0,victor,2026-09-24T18:54:59.947Z,5
q10,Guaruja_p15,0,victor,2026-09-24T18:55:04.507Z,5
q06,Guaruja_p6,0,victor,2026-09-24T18:55:07.307Z,3
q10,Santos_p15,0,victor,2026-09-24T18:55:10.237Z,3
q10,Cubatao_p5,0,victor,2026-09-24T18:55:15.621Z,5
q09,Santos_p8,0,victor,2026-09-24T18:55:19.130Z,4
q10,Santos_p17,0,victor,2026-09-24T18:55:22.874Z,4
q07,Guaruja_p16,0,victor,2026-09-24T18:55:26.117Z,3
q08,Santos_p16,0,victor,2026-09-24T18:55:32.447Z,6
q08,Santos_p14,0,victor,2026-09-24T18:55:35.170Z,3
q07,Santos_p5,0,victor,2026-09-24T18:55:38.555Z,3
q09,Santos_p17,0,victor,2026-09-24T18:55:45.557Z,7
q06,Santos_p21,0,victor,2026-09-24T18:55:47.872Z,2
q09,Guaruja_p2,0,victor,2026-09-24T18:55:52.353Z,4
q09,Guaruja_p18,0,victor,2026-09-24T18:55:57.896Z,6
q10,Guaruja_p20,0,victor,2026-09-24T18:56:00.979Z,3
q06,Santos_p4,0,victor,2026-09-24T18:56:03.627Z,3
q06,Guaruja_p8,0,victor,2026-09-24T18:56:05.443Z,2
q06,Cubatao_p17,0,victor,2026-09-24T18:56:08.103Z,3
q09,Cubatao_p8,0,victor,2026-09-24T18:56:12.861Z,5
q08,Santos_p7,0,victor,2026-09-24T18:56:15.138Z,2
q08,Santos_p22,0,victor,2026-09-24T18:56:16.641Z,2
q10,Santos_p6,0,victor,2026-09-24T18:56:22.382Z,6
q07,Santos_p19,0,victor,2026-09-24T18:56:27.733Z,5
q09,Cubatao_p5,0,victor,2026-09-24T18:56:31.309Z,4
q06,Santos_p9,0,victor,2026-09-24T18:56:33.904Z,3
q09,Guaruja_p17,0,victor,2026-09-24T18:56:37.672Z,4
q06,Guaruja_p13,0,victor,2026-09-24T18:56:42.959Z,5
q06,Santos_p15,0,victor,2026-09-24T18:56:45.331Z,2
q07,Guaruja_p12,0,victor,2026-09-24T18:56:48.501Z,3
q08,Cubatao_p7,0,victor,2026-09-24T18:56:50.737Z,2
q08,Santos_p17,0,victor,2026-09-24T18:56:54.052Z,3
q08,Cubatao_p8,0,victor,2026-09-24T18:56:57.521Z,3
q10,Guaruja_p5,0,victor,2026-09-24T18:57:01.634Z,4
q06,Guaruja_p18,0,victor,2026-09-24T18:57:06.457Z,5
q08,Santos_p10,0,victor,2026-09-24T18:57:13.063Z,7
q10,Guaruja_p13,0,victor,2026-09-24T18:57:21.932Z,9
q08,Santos_p21,0,victor,2026-09-24T18:57:23.994Z,2
q09,Guaruja_p4,0,victor,2026-09-24T18:57:28.202Z,4
q08,Cubatao_p10,0,victor,2026-09-24T18:57:29.983Z,2
q09,Cubatao_p9,0,victor,2026-09-24T18:57:33.622Z,4
q10,Cubatao_p14,0,victor,2026-09-24T18:57:37.142Z,4
q08,Cubatao_p1,0,victor,2026-09-24T18:57:41.809Z,5
q07,Guaruja_p11,0,victor,2026-09-24T18:57:42.029Z,0
q06,Cubatao_p8,0,victor,2026-09-24T18:57:44.639Z,3
q06,Guaruja_p4,0,victor,2026-09-24T18:57:48.294Z,4
q09,Santos_p14,0,victor,2026-09-24T18:57:51.386Z,3
q10,Guaruja_p17,0,victor,2026-09-24T18:58:47.526Z,46
q06,Cubatao_p9,0,victor,2026-09-24T18:58:52.726Z,5
q07,Santos_p9,0,victor,2026-09-24T18:58:55.183Z,2
q06,Cubatao_p13,0,victor,2026-09-24T18:59:01.486Z,6
q08,Guaruja_p4,2,victor,2026-09-24T18:59:56.106Z,55
q09,Cubatao_p17,0,victor,2026-09-24T19:00:01.913Z,6
q06,Cubatao_p7,0,victor,2026-09-24T19:00:04.739Z,3
q07,Santos_p6,0,victor,2026-09-24T19:00:14.402Z,2
q06,Santos_p19,0,victor,2026-09-24T19:00:19.032Z,5
q10,Guaruja_p16,0,victor,2026-09-24T19:00:22.868Z,4
q07,Santos_p14,0,victor,2026-09-24T19:00:25.505Z,3
q09,Santos_p5,0,victor,2026-09-24T19:00:30.645Z,5
q06,Guaruja_p12,0,victor,2026-09-24T19:00:39.633Z,9
q09,Cubatao_p3,0,victor,2026-09-24T19:00:42.571Z,3
q06,Cubatao_p4,0,victor,2026-09-24T19:00:45.324Z,3
q08,Guaruja_p12,0,victor,2026-09-24T19:00:53.915Z,9
q06,Cubatao_p6,0,victor,2026-09-24T19:00:58.299Z,4
q10,Guaruja_p18,0,victor,2026-09-24T19:01:21.694Z,23
q08,Guaruja_p8,0,victor,2026-09-24T19:01:30.194Z,9
q06,Santos_p12,0,victor,2026-09-24T19:01:35.914Z,6
q06,Santos_p17,0,victor,2026-09-24T19:01:38.990Z,3
q08,Guaruja_p1,0,victor,2026-09-24T19:01:46.151Z,7
q08,Guaruja_p10,0,victor,2026-09-24T19:01:49.129Z,3
q09,Guaruja_p12,0,victor,2026-09-24T19:01:52.154Z,3
q09,Cubatao_p14,0,victor,2026-09-24T19:02:04.467Z,12
q09,Santos_p19,0,victor,2026-09-24T19:02:08.136Z,4
q10,Santos_p23,0,victor,2026-09-24T19:02:18.874Z,11
q06,Guaruja_p3,0,victor,2026-09-24T19:02:22.334Z,3
q09,Guaruja_p6,0,victor,2026-09-24T19:02:27.129Z,5
q09,Cubatao_p19,0,victor,2026-09-24T19:02:29.619Z,2
q09,Santos_p22,0,victor,2026-09-24T19:02:33.117Z,3
q08,Cubatao_p9,0,victor,2026-09-24T19:02:41.749Z,2
q06,Cubatao_p10,0,victor,2026-09-24T19:02:43.140Z,1
q06,Cubatao_p5,0,victor,2026-09-24T19:02:45.519Z,2
q10,Santos_p16,0,victor,2026-09-24T19:02:51.540Z,6
q10,Guaruja_p12,0,victor,2026-09-24T19:02:57.634Z,6
q07,Santos_p11,0,victor,2026-09-24T19:03:02.710Z,5
q10,Santos_p22,0,victor,2026-09-24T19:03:07.880Z,5
q08,Guaruja_p17,0,victor,2026-09-24T19:03:21.688Z,7
q09,Guaruja_p13,0,victor,2026-09-24T19:03:23.844Z,2
q10,Cubatao_p12,0,victor,2026-09-24T19:03:29.142Z,5
q06,Cubatao_p19,0,victor,2026-09-24T19:03:31.004Z,2
q09,Santos_p20,0,victor,2026-09-24T19:03:33.050Z,2
q06,Guaruja_p19,0,victor,2026-09-24T19:03:35.463Z,2
q08,Guaruja_p14,0,victor,2026-09-24T19:03:41.078Z,6
q10,Cubatao_p7,0,victor,2026-09-24T19:03:49.984Z,2
q08,Cubatao_p15,0,victor,2026-09-24T19:03:56.211Z,6
q07,Santos_p15,0,victor,2026-09-24T19:04:03.244Z,7
q10,Santos_p20,0,victor,2026-09-24T19:04:15.243Z,12
q07,Santos_p7,0,victor,2026-09-24T19:04:19.513Z,4
q10,Guaruja_p14,0,victor,2026-09-24T19:04:26.439Z,7
q08,Guaruja_p15,0,victor,2026-09-24T19:04:32.103Z,6
q09,Santos_p1,0,victor,2026-09-24T19:04:36.689Z,5
q08,Cubatao_p17,0,victor,2026-09-24T19:04:41.135Z,4
q08,Guaruja_p16,0,victor,2026-09-24T19:04:45.543Z,4
q08,Cubatao_p19,0,victor,2026-09-24T19:04:47.788Z,2
q08,Cubatao_p18,0,victor,2026-09-24T19:04:52.818Z,5
q10,Santos_p14,0,victor,2026-09-24T19:04:55.907Z,3
q06,Cubatao_p1,0,victor,2026-09-24T19:05:00.328Z,4
q10,Guaruja_p5,0,flavia,2026-09-25T11:40:48.080Z,66
q06,Guaruja_p20,0,flavia,2026-09-25T11:41:03.308Z,15
q09,Guaruja_p6,0,flavia,2026-09-25T11:41:08.288Z,5
q06,Santos_p4,0,flavia,2026-09-25T11:41:24.689Z,16
q06,Cubatao_p7,0,flavia,2026-09-25T11:41:51.101Z,26
q06,Santos_p1,0,flavia,2026-09-25T11:44:37.039Z,166
q09,Santos_p23,0,flavia,2026-09-25T11:44:44.035Z,7
q06,Santos_p22,2,flavia,2026-09-25T11:45:10.856Z,27
q08,Santos_p9,0,flavia,2026-09-25T11:45:15.543Z,5
q10,Cubatao_p1,0,flavia,2026-09-25T11:45:17.246Z,2
q10,Cubatao_p2,0,flavia,2026-09-25T11:45:21.277Z,4
q08,Guaruja_p14,0,flavia,2026-09-25T11:45:29.583Z,8
q10,Guaruja_p9,0,flavia,2026-09-25T11:46:42.774Z,73
q10,Guaruja_p4,0,flavia,2026-09-25T11:46:49.054Z,6
q10,Guaruja_p8,0,flavia,2026-09-25T11:47:10.352Z,21
q06,Cubatao_p11,0,flavia,2026-09-25T11:47:12.422Z,2
q07,Santos_p21,0,flavia,2026-09-25T11:47:31.718Z,19
q07,Cubatao_p14,0,flavia,2026-09-25T11:47:43.102Z,11
q10,Guaruja_p1,0,flavia,2026-09-25T11:48:02.030Z,19
q06,Santos_p9,0,flavia,2026-09-25T11:48:22.036Z,20
q10,Santos_p22,0,flavia,2026-09-25T11:48:28.881Z,7
q08,Guaruja_p2,0,flavia,2026-09-25T11:48:41.897Z,13
q07,Santos_p16,0,flavia,2026-09-25T11:48:47.615Z,6
q07,Guaruja_p8,0,flavia,2026-09-25T11:48:49.409Z,2
q06,Santos_p2,0,flavia,2026-09-25T11:49:03.982Z,15
q07,Cubatao_p4,0,flavia,2026-09-25T11:49:14.373Z,10
q06,Santos_p11,0,flavia,2026-09-25T11:49:24.998Z,11
q06,Guaruja_p6,0,flavia,2026-09-25T11:49:26.484Z,1
q08,Santos_p20,0,flavia,2026-09-25T11:49:28.141Z,2
q10,Cubatao_p11,0,flavia,2026-09-25T11:49:30.331Z,2
q09,Guaruja_p15,0,flavia,2026-09-25T11:49:31.782Z,1
q09,Santos_p8,0,flavia,2026-09-25T11:49:33.704Z,2
q10,Santos_p5,0,flavia,2026-09-25T11:49:40.167Z,6
q06,Guaruja_p15,0,flavia,2026-09-25T11:49:42.152Z,2
q06,Cubatao_p20,0,flavia,2026-09-25T11:49:43.658Z,2
q10,Santos_p20,0,flavia,2026-09-25T11:49:46.515Z,3
q08,Cubatao_p20,0,flavia,2026-09-25T11:49:48.773Z,2
q09,Santos_p14,0,flavia,2026-09-25T11:49:51.138Z,2
q07,Santos_p12,0,flavia,2026-09-25T11:49:57.697Z,7
q08,Guaruja_p9,0,flavia,2026-09-25T11:50:03.528Z,6
q08,Guaruja_p20,0,flavia,2026-09-25T11:50:11.822Z,8
q10,Cubatao_p9,0,flavia,2026-09-25T11:50:15.727Z,4
q06,Santos_p18,0,flavia,2026-09-25T11:50:19.802Z,4
q07,Cubatao_p12,0,flavia,2026-09-25T11:50:31.626Z,12
q09,Guaruja_p12,0,flavia,2026-09-25T11:50:33.968Z,2
q08,Cubatao_p19,0,flavia,2026-09-25T11:50:35.633Z,2
q07,Cubatao_p10,0,flavia,2026-09-25T11:50:54.430Z,19
q07,Cubatao_p8,0,flavia,2026-09-25T11:51:45.682Z,51
q07,Guaruja_p18,0,flavia,2026-09-25T11:51:47.123Z,1
q08,Santos_p1,0,flavia,2026-09-25T11:51:48.578Z,1
q06,Santos_p3,0,flavia,2026-09-25T11:51:54.179Z,6
q07,Santos_p7,0,flavia,2026-09-25T11:52:00.516Z,6
q10,Cubatao_p20,0,flavia,2026-09-25T11:52:02.390Z,2
q10,Guaruja_p2,0,flavia,2026-09-25T11:52:25.411Z,23
q08,Santos_p5,0,flavia,2026-09-25T11:52:29.229Z,4
q08,Santos_p14,0,flavia,2026-09-25T11:52:31.463Z,2
q07,Santos_p17,0,flavia,2026-09-25T11:52:34.894Z,3
q08,Cubatao_p8,0,flavia,2026-09-25T11:52:37.429Z,3
q08,Guaruja_p10,0,flavia,2026-09-25T11:52:54.031Z,17
q09,Guaruja_p5,0,flavia,2026-09-25T11:52:59.122Z,5
q09,Guaruja_p10,0,flavia,2026-09-25T11:53:00.947Z,2
q08,Santos_p23,0,flavia,2026-09-25T11:53:02.235Z,1
q06,Guaruja_p7,0,flavia,2026-09-25T11:53:15.068Z,13
q09,Guaruja_p4,0,flavia,2026-09-25T11:53:22.207Z,7
q09,Santos_p6,0,flavia,2026-09-25T11:53:28.319Z,6
q07,Cubatao_p13,0,flavia,2026-09-25T11:53:38.485Z,10
q10,Cubatao_p10,0,flavia,2026-09-25T11:53:41.100Z,3
q08,Cubatao_p10,0,flavia,2026-09-25T11:53:42.961Z,2
q09,Guaruja_p1,0,flavia,2026-09-25T11:53:44.982Z,2
q06,Santos_p8,0,flavia,2026-09-25T11:53:48.059Z,3
q08,Guaruja_p13,0,flavia,2026-09-25T11:54:31.616Z,44
q10,Santos_p9,0,flavia,2026-09-25T11:54:56.237Z,25
q07,Cubatao_p6,0,flavia,2026-09-25T11:55:32.647Z,36
q09,Cubatao_p13,0,flavia,2026-09-25T11:55:36.491Z,4
q09,Cubatao_p14,0,flavia,2026-09-25T11:55:45.967Z,9
q10,Santos_p15,0,flavia,2026-09-25T11:55:55.277Z,9
q09,Cubatao_p3,0,flavia,2026-09-25T11:55:58.945Z,4
q09,Santos_p5,0,flavia,2026-09-25T11:56:02.547Z,4
q07,Guaruja_p10,0,flavia,2026-09-25T11:56:04.680Z,2
q09,Cubatao_p7,0,flavia,2026-09-25T11:56:07.752Z,3
q08,Santos_p11,0,flavia,2026-09-25T11:56:11.012Z,3
q10,Guaruja_p17,0,flavia,2026-09-25T11:56:37.717Z,27
q08,Santos_p17,0,flavia,2026-09-25T11:56:40.223Z,3
q09,Cubatao_p18,0,flavia,2026-09-25T11:56:45.925Z,6
q10,Santos_p16,0,flavia,2026-09-25T11:57:04.164Z,18
q07,Guaruja_p1,0,flavia,2026-09-25T11:57:11.861Z,8
q06,Santos_p15,0,flavia,2026-09-25T11:57:16.076Z,4
q09,Santos_p3,0,flavia,2026-09-25T11:57:19.684Z,4
q06,Cubatao_p10,0,flavia,2026-09-25T11:57:37.414Z,18
q10,Santos_p2,0,flavia,2026-09-25T11:57:57.470Z,20
q08,Santos_p21,0,flavia,2026-09-25T11:58:01.279Z,4
q07,Cubatao_p2,0,flavia,2026-09-25T11:58:38.398Z,37
q10,Cubatao_p17,0,flavia,2026-09-25T11:59:45.348Z,67
q10,Cubatao_p8,0,flavia,2026-09-25T11:59:48.088Z,3
q10,Guaruja_p20,0,flavia,2026-09-25T11:59:52.757Z,5
q10,Santos_p1,0,flavia,2026-09-25T12:00:09.504Z,17
q08,Cubatao_p1,0,flavia,2026-09-25T12:00:12.809Z,3
q07,Santos_p2,0,flavia,2026-09-25T12:00:16.027Z,3
q10,Cubatao_p5,0,flavia,2026-09-25T12:00:29.338Z,13
q10,Guaruja_p3,0,flavia,2026-09-25T12:00:45.882Z,17
q09,Santos_p18,0,flavia,2026-09-25T12:01:03.801Z,18
q10,Guaruja_p14,0,flavia,2026-09-25T12:01:14.904Z,11
q09,Cubatao_p12,0,flavia,2026-09-25T12:01:18.872Z,4
q10,Guaruja_p15,0,flavia,2026-09-25T12:01:28.596Z,10
q07,Santos_p4,0,flavia,2026-09-25T12:01:42.312Z,14
q07,Cubatao_p3,0,flavia,2026-09-25T12:01:45.283Z,3
q10,Santos_p10,0,flavia,2026-09-25T12:01:52.094Z,7
q07,Guaruja_p6,0,flavia,2026-09-25T12:01:56.887Z,5
q08,Santos_p15,0,flavia,2026-09-25T12:02:03.933Z,7
q07,Santos_p20,0,flavia,2026-09-25T12:02:07.156Z,3
q09,Santos_p4,0,flavia,2026-09-25T12:02:10.745Z,4
q09,Cubatao_p16,0,flavia,2026-09-25T12:02:13.456Z,3
q10,Cubatao_p12,0,flavia,2026-09-25T12:02:30.049Z,17
q10,Santos_p4,0,flavia,2026-09-25T12:03:13.044Z,43
q06,Santos_p20,0,flavia,2026-09-25T12:03:16.164Z,3
q07,Santos_p9,0,flavia,2026-09-25T12:03:17.650Z,1
q09,Santos_p9,0,flavia,2026-09-25T12:03:19.552Z,2
q07,Guaruja_p2,0,flavia,2026-09-25T12:03:21.165Z,2
q10,Guaruja_p12,0,flavia,2026-09-25T12:03:38.557Z,17
q07,Guaruja_p15,0,flavia,2026-09-25T12:03:47.262Z,9
q08,Guaruja_p12,0,flavia,2026-09-25T12:03:52.987Z,6
q10,Cubatao_p13,0,flavia,2026-09-25T12:03:54.909Z,2
q10,Cubatao_p3,0,flavia,2026-09-25T12:03:59.410Z,5
q07,Santos_p13,0,flavia,2026-09-25T12:04:02.958Z,4
q06,Cubatao_p12,0,flavia,2026-09-25T12:04:05.667Z,3
q06,Cubatao_p13,0,flavia,2026-09-25T12:04:08.118Z,2
q10,Santos_p19,0,flavia,2026-09-25T12:04:18.961Z,11
q07,Santos_p23,0,flavia,2026-09-25T12:04:28.335Z,9
q08,Santos_p19,0,flavia,2026-09-25T12:04:31.281Z,3
q06,Cubatao_p4,0,flavia,2026-09-25T12:04:33.204Z,2
q10,Santos_p3,0,flavia,2026-09-25T12:04:41.250Z,8
q09,Santos_p16,0,flavia,2026-09-25T12:04:43.059Z,2
q07,Cubatao_p19,0,flavia,2026-09-25T12:04:54.793Z,12
q07,Cubatao_p20,0,flavia,2026-09-25T12:05:00.730Z,6
q10,Santos_p12,0,flavia,2026-09-25T12:05:18.527Z,18
q09,Cubatao_p10,0,flavia,2026-09-25T12:05:24.507Z,6
q10,Cubatao_p14,0,flavia,2026-09-25T12:05:26.244Z,2
q06,Guaruja_p19,0,flavia,2026-09-25T12:05:28.368Z,2
q09,Santos_p7,0,flavia,2026-09-25T12:05:30.465Z,2
q06,Guaruja_p9,0,flavia,2026-09-25T12:05:32.557Z,2
q09,Cubatao_p4,0,flavia,2026-09-25T12:05:44.291Z,12
q08,Cubatao_p14,0,flavia,2026-09-25T12:05:46.221Z,2
q08,Cubatao_p3,0,flavia,2026-09-25T12:05:47.851Z,2
q07,Guaruja_p3,0,flavia,2026-09-25T12:05:49.857Z,2
q06,Guaruja_p17,0,flavia,2026-09-25T12:05:51.635Z,2
q10,Santos_p8,0,flavia,2026-09-25T12:05:59.140Z,8
q06,Cubatao_p8,0,flavia,2026-09-25T12:06:04.702Z,6
q10,Santos_p11,0,flavia,2026-09-25T12:06:16.319Z,12
q10,Cubatao_p16,0,flavia,2026-09-25T12:06:19.149Z,3
q09,Guaruja_p20,0,flavia,2026-09-25T12:06:21.520Z,2
q06,Santos_p7,0,flavia,2026-09-25T12:06:26.571Z,5
q07,Guaruja_p14,0,flavia,2026-09-25T12:06:27.944Z,1
q07,Cubatao_p11,0,flavia,2026-09-25T12:06:34.901Z,7
q08,Cubatao_p7,0,flavia,2026-09-25T12:06:39.143Z,4
q06,Guaruja_p2,0,flavia,2026-09-25T12:06:45.597Z,6
q06,Guaruja_p12,0,flavia,2026-09-25T12:06:48.966Z,3
q08,Guaruja_p16,0,flavia,2026-09-25T12:06:56.013Z,7
q08,Cubatao_p2,0,flavia,2026-09-25T12:06:58.008Z,2
q09,Guaruja_p11,0,flavia,2026-09-25T12:06:59.500Z,1
q07,Guaruja_p13,0,flavia,2026-09-25T12:07:00.867Z,1
q06,Guaruja_p4,0,flavia,2026-09-25T12:07:03.231Z,2
q06,Guaruja_p18,0,flavia,2026-09-25T12:07:04.374Z,1
q07,Santos_p6,0,flavia,2026-09-25T12:07:09.790Z,5
q10,Guaruja_p18,0,flavia,2026-09-25T12:07:32.868Z,23
q07,Cubatao_p15,0,flavia,2026-09-25T12:07:46.256Z,13
q08,Santos_p13,0,flavia,2026-09-25T12:07:47.850Z,2
q08,Santos_p3,0,flavia,2026-09-25T12:07:50.591Z,3
q07,Santos_p3,0,flavia,2026-09-25T12:07:55.013Z,4
q06,Santos_p19,0,flavia,2026-09-25T12:08:00.506Z,5
q10,Santos_p18,0,flavia,2026-09-25T12:08:13.108Z,13
q06,Guaruja_p10,0,flavia,2026-09-25T12:08:19.107Z,6
q09,Santos_p15,0,flavia,2026-09-25T12:08:20.433Z,1
q07,Cubatao_p1,0,flavia,2026-09-25T12:08:28.822Z,8
q07,Santos_p1,0,flavia,2026-09-25T12:08:31.770Z,3
q06,Guaruja_p1,0,flavia,2026-09-25T12:08:35.616Z,4
q08,Cubatao_p12,0,flavia,2026-09-25T12:08:39.418Z,4
q07,Guaruja_p16,0,flavia,2026-09-25T12:08:42.554Z,3
q10,Santos_p23,0,flavia,2026-09-25T12:08:58.864Z,16
q06,Santos_p10,0,flavia,2026-09-25T12:09:10.683Z,12
q08,Cubatao_p5,0,flavia,2026-09-25T12:09:14.584Z,4
q08,Cubatao_p18,0,flavia,2026-09-25T12:09:16.146Z,2
q10,Santos_p6,0,flavia,2026-09-25T12:09:27.144Z,11
q09,Cubatao_p6,0,flavia,2026-09-25T12:09:31.892Z,5
q10,Cubatao_p7,0,flavia,2026-09-25T12:09:39.214Z,7
q09,Guaruja_p18,0,flavia,2026-09-25T12:09:40.745Z,2
q10,Cubatao_p6,0,flavia,2026-09-25T12:09:47.597Z,7
q08,Guaruja_p19,0,flavia,2026-09-25T12:10:02.151Z,15
q08,Cubatao_p11,0,flavia,2026-09-25T12:10:03.405Z,1
q09,Santos_p10,0,flavia,2026-09-25T12:10:06.431Z,3
q07,Guaruja_p9,0,flavia,2026-09-25T12:10:09.508Z,3
q07,Cubatao_p16,0,flavia,2026-09-25T12:10:12.987Z,3
q06,Cubatao_p15,0,flavia,2026-09-25T12:10:20.810Z,8
q10,Santos_p17,0,flavia,2026-09-25T12:10:27.599Z,7
q10,Santos_p13,0,flavia,2026-09-25T12:10:43.298Z,16
q07,Santos_p5,0,flavia,2026-09-25T12:10:50.251Z,7
q08,Guaruja_p4,2,flavia,2026-09-25T12:11:07.610Z,17
q09,Guaruja_p7,0,flavia,2026-09-25T12:11:10.276Z,3
q08,Guaruja_p11,0,flavia,2026-09-25T12:11:12.135Z,2
q10,Guaruja_p7,0,flavia,2026-09-25T12:11:19.142Z,7
q09,Guaruja_p13,0,flavia,2026-09-25T12:11:20.729Z,2
q10,Guaruja_p10,0,flavia,2026-09-25T12:11:28.699Z,8
q09,Santos_p1,0,flavia,2026-09-25T12:11:30.523Z,2
q10,Guaruja_p19,2,flavia,2026-09-25T12:11:36.654Z,6
q06,Guaruja_p16,0,flavia,2026-09-25T12:11:39.524Z,3
q07,Guaruja_p11,0,flavia,2026-09-25T12:11:44.608Z,5
q09,Cubatao_p5,0,flavia,2026-09-25T12:11:59.418Z,15
q10,Guaruja_p13,0,flavia,2026-09-25T12:12:04.869Z,5
q07,Guaruja_p19,0,flavia,2026-09-25T12:12:07.142Z,2
q10,Cubatao_p4,0,flavia,2026-09-25T12:12:15.041Z,8
q06,Santos_p12,0,flavia,2026-09-25T12:12:20.154Z,5
q08,Santos_p16,0,flavia,2026-09-25T12:12:25.553Z,5
q06,Santos_p23,0,flavia,2026-09-25T12:12:29.593Z,4
q06,Guaruja_p14,0,flavia,2026-09-25T12:12:42.734Z,13
q08,Guaruja_p7,0,flavia,2026-09-25T12:12:47.775Z,5
q09,Guaruja_p16,0,flavia,2026-09-25T12:12:50.403Z,3
q07,Santos_p18,0,flavia,2026-09-25T12:12:53.021Z,3
q08,Santos_p18,0,flavia,2026-09-25T12:13:00.745Z,8
q06,Cubatao_p3,0,flavia,2026-09-25T12:13:04.358Z,4
q06,Cubatao_p2,0,flavia,2026-09-25T12:13:07.329Z,3
q07,Cubatao_p18,0,flavia,2026-09-25T12:13:39.013Z,32
q08,Santos_p22,0,flavia,2026-09-25T12:13:52.305Z,13
q10,Guaruja_p11,0,flavia,2026-09-25T12:13:54.244Z,2
q09,Santos_p11,0,flavia,2026-09-25T12:13:55.856Z,2
q07,Santos_p8,0,flavia,2026-09-25T12:13:58.443Z,3
q06,Santos_p16,0,flavia,2026-09-25T12:14:16.034Z,9
q06,Santos_p14,0,flavia,2026-09-25T12:14:24.977Z,9
q06,Guaruja_p11,0,flavia,2026-09-25T12:14:27.041Z,2
q10,Santos_p7,0,flavia,2026-09-25T12:14:35.355Z,8
q08,Guaruja_p5,0,flavia,2026-09-25T12:14:56.759Z,21
q08,Cubatao_p6,0,flavia,2026-09-25T12:14:59.842Z,3
q10,Santos_p21,0,flavia,2026-09-25T12:15:08.494Z,9
q10,Cubatao_p18,0,flavia,2026-09-25T12:15:10.311Z,2
q10,Cubatao_p19,0,flavia,2026-09-25T12:15:11.686Z,1
q08,Santos_p10,0,flavia,2026-09-25T12:15:13.318Z,2
q09,Santos_p21,0,flavia,2026-09-25T12:15:14.689Z,1
q06,Guaruja_p8,0,flavia,2026-09-25T12:15:17.060Z,2
q06,Cubatao_p17,0,flavia,2026-09-25T12:15:18.387Z,1
q10,Cubatao_p15,0,flavia,2026-09-25T12:15:20.009Z,2
q10,Guaruja_p16,0,flavia,2026-09-25T12:15:23.591Z,4
q09,Guaruja_p8,0,flavia,2026-09-25T12:15:25.464Z,2
q06,Cubatao_p14,0,flavia,2026-09-25T12:15:37.488Z,12
q06,Santos_p13,0,flavia,2026-09-25T12:15:50.214Z,13
q09,Santos_p22,0,flavia,2026-09-25T12:15:55.855Z,6
q07,Cubatao_p17,0,flavia,2026-09-25T12:16:04.702Z,9
q06,Santos_p6,0,flavia,2026-09-25T12:16:23.618Z,19
q07,Santos_p11,0,flavia,2026-09-25T12:16:27.183Z,4
q09,Guaruja_p9,0,flavia,2026-09-25T12:16:29.658Z,2
q09,Santos_p13,0,flavia,2026-09-25T12:16:31.280Z,2
q09,Cubatao_p2,0,flavia,2026-09-25T12:16:34.370Z,3
q09,Guaruja_p14,0,flavia,2026-09-25T12:16:36.475Z,2
q09,Cubatao_p17,0,flavia,2026-09-25T12:16:41.742Z,5
q06,Santos_p5,0,flavia,2026-09-25T12:16:49.351Z,8
q10,Santos_p14,0,flavia,2026-09-25T12:17:01.617Z,12
q09,Guaruja_p17,0,flavia,2026-09-25T12:17:13.259Z,12
q07,Santos_p19,0,flavia,2026-09-25T12:17:16.863Z,4
q07,Santos_p14,0,flavia,2026-09-25T12:17:19.059Z,2
q08,Cubatao_p13,0,flavia,2026-09-25T12:17:20.448Z,1
q06,Cubatao_p1,0,flavia,2026-09-25T12:17:24.403Z,4
q08,Guaruja_p15,0,flavia,2026-09-25T12:17:30.381Z,6
q08,Cubatao_p16,0,flavia,2026-09-25T12:17:40.129Z,10
q07,Guaruja_p5,0,flavia,2026-09-25T12:17:43.471Z,3
q09,Cubatao_p15,0,flavia,2026-09-25T12:17:45.896Z,2
q09,Guaruja_p19,0,flavia,2026-09-25T12:17:49.268Z,3
q10,Guaruja_p6,0,flavia,2026-09-25T12:17:58.674Z,9
q07,Guaruja_p4,0,flavia,2026-09-25T12:18:03.381Z,5
q09,Cubatao_p11,0,flavia,2026-09-25T12:20:50.101Z,167
q06,Cubatao_p5,0,flavia,2026-09-25T12:23:11.998Z,142
q09,Cubatao_p9,0,flavia,2026-09-25T12:23:18.268Z,6
q06,Santos_p17,0,flavia,2026-09-25T12:24:27.701Z,69
q07,Santos_p22,0,flavia,2026-09-25T12:24:32.071Z,4
q09,Cubatao_p20,2,flavia,2026-09-25T12:24:35.928Z,4
q06,Cubatao_p16,0,flavia,2026-09-25T12:24:39.229Z,3
q09,Santos_p17,0,flavia,2026-09-25T12:24:41.567Z,2
q07,Guaruja_p7,0,flavia,2026-09-25T12:24:55.265Z,14
q06,Cubatao_p9,0,flavia,2026-09-25T12:24:57.114Z,2
q06,Santos_p21,0,flavia,2026-09-25T12:25:03.909Z,7
q08,Guaruja_p3,0,flavia,2026-09-25T12:26:39.095Z,95
q06,Guaruja_p3,0,flavia,2026-09-25T12:27:18.131Z,39
q06,Cubatao_p6,0,flavia,2026-09-25T12:27:19.932Z,2
q08,Santos_p7,0,flavia,2026-09-25T12:27:22.876Z,3
q09,Cubatao_p19,0,flavia,2026-09-25T12:27:26.610Z,4
q09,Santos_p12,0,flavia,2026-09-25T12:27:32.035Z,5
q08,Cubatao_p9,0,flavia,2026-09-25T12:27:34.211Z,2
q09,Guaruja_p3,0,flavia,2026-09-25T12:27:36.341Z,2
q06,Cubatao_p18,0,flavia,2026-09-25T12:27:39.541Z,3
q07,Santos_p10,0,flavia,2026-09-25T12:28:00.695Z,21
q08,Guaruja_p6,0,flavia,2026-09-25T12:28:43.621Z,43
q07,Guaruja_p20,0,flavia,2026-09-25T12:28:46.474Z,3
q07,Santos_p15,0,flavia,2026-09-25T12:28:49.026Z,3
q06,Guaruja_p5,0,flavia,2026-09-25T12:28:51.672Z,3
q06,Guaruja_p13,0,flavia,2026-09-25T12:28:52.687Z,1
q09,Cubatao_p8,0,flavia,2026-09-25T12:28:54.318Z,2
q08,Santos_p4,0,flavia,2026-09-25T12:28:58.859Z,5
q08,Santos_p12,0,flavia,2026-09-25T12:29:00.094Z,1
q09,Cubatao_p1,0,flavia,2026-09-25T12:29:01.594Z,1
q07,Guaruja_p12,0,flavia,2026-09-25T12:29:04.589Z,3
q07,Cubatao_p9,2,flavia,2026-09-25T12:29:20.589Z,13
q08,Santos_p8,0,flavia,2026-09-25T12:29:25.402Z,5
q09,Guaruja_p2,0,flavia,2026-09-25T12:29:29.737Z,4
q08,Cubatao_p4,0,flavia,2026-09-25T12:29:31.484Z,2
q08,Cubatao_p15,0,flavia,2026-09-25T12:29:32.639Z,1
q09,Santos_p19,0,flavia,2026-09-25T12:29:34.727Z,2
q08,Guaruja_p18,0,flavia,2026-09-25T12:29:42.338Z,8
q07,Cubatao_p5,0,flavia,2026-09-25T12:29:54.762Z,12
q08,Guaruja_p8,0,flavia,2026-09-25T12:29:57.542Z,3
q07,Cubatao_p7,0,flavia,2026-09-25T12:30:01.444Z,4
q07,Guaruja_p17,0,flavia,2026-09-25T12:30:02.406Z,1
q08,Santos_p2,0,flavia,2026-09-25T12:30:03.495Z,1
q08,Santos_p6,0,flavia,2026-09-25T12:30:04.315Z,1
q08,Guaruja_p17,0,flavia,2026-09-25T12:30:04.955Z,1
q08,Cubatao_p17,0,flavia,2026-09-25T12:30:05.398Z,0
q09,Santos_p2,0,flavia,2026-09-25T12:30:06.801Z,1
q08,Guaruja_p1,0,flavia,2026-09-25T12:30:07.331Z,1
q09,Santos_p20,0,flavia,2026-09-25T12:30:13.684Z,6
q06,Cubatao_p19,0,flavia,2026-09-25T12:30:18.049Z,4
q06,Santos_p16,0,felipe,2026-09-25T11:28:08.468Z,39
q06,Cubatao_p17,0,felipe,2026-09-25T11:28:10.411Z,2
q08,Santos_p5,0,felipe,2026-09-25T11:28:11.539Z,1
q08,Guaruja_p10,0,felipe,2026-09-25T11:29:06.480Z,55
q07,Santos_p4,0,felipe,2026-09-25T11:29:11.664Z,5
q07,Santos_p21,0,felipe,2026-09-25T11:29:13.024Z,1
q07,Cubatao_p7,0,felipe,2026-09-25T11:29:23.768Z,11
q07,Santos_p22,0,felipe,2026-09-25T11:29:25.720Z,2
q07,Guaruja_p12,0,felipe,2026-09-25T11:29:26.576Z,1
q07,Guaruja_p5,0,felipe,2026-09-25T11:29:27.512Z,1
q06,Guaruja_p12,0,felipe,2026-09-25T11:29:29.088Z,2
q06,Santos_p8,0,felipe,2026-09-25T11:29:31.248Z,2
q06,Cubatao_p1,0,felipe,2026-09-25T11:29:33.192Z,2
q07,Cubatao_p1,1,felipe,2026-09-25T11:29:51.112Z,18
q06,Cubatao_p3,0,felipe,2026-09-25T11:29:52.888Z,2
q06,Santos_p21,0,felipe,2026-09-25T11:29:58.100Z,5
q06,Guaruja_p16,0,felipe,2026-09-25T11:30:00.156Z,2
q06,Santos_p23,0,felipe,2026-09-25T11:30:13.956Z,14
q06,Santos_p1,0,felipe,2026-09-25T11:30:19.460Z,6
q06,Cubatao_p7,0,felipe,2026-09-25T11:30:21.100Z,2
q07,Santos_p13,0,felipe,2026-09-25T11:30:22.652Z,2
q07,Santos_p16,0,felipe,2026-09-25T11:30:23.540Z,1
q07,Guaruja_p3,0,felipe,2026-09-25T11:30:24.436Z,1
q07,Guaruja_p7,0,felipe,2026-09-25T11:30:25.292Z,1
q07,Cubatao_p8,2,felipe,2026-09-25T11:30:39.644Z,14
q06,Cubatao_p9,0,felipe,2026-09-25T11:30:41.444Z,2
q07,Cubatao_p17,0,felipe,2026-09-25T11:30:50.620Z,9
q07,Guaruja_p6,0,felipe,2026-09-25T11:31:19.159Z,29
q07,Cubatao_p4,0,felipe,2026-09-25T11:31:29.103Z,10
q07,Cubatao_p20,0,felipe,2026-09-25T11:32:20.093Z,51
q06,Cubatao_p11,0,felipe,2026-09-25T11:32:21.805Z,2
q06,Cubatao_p18,0,felipe,2026-09-25T11:32:22.861Z,1
q07,Guaruja_p1,0,felipe,2026-09-25T11:32:24.157Z,1
q06,Guaruja_p13,0,felipe,2026-09-25T11:32:25.525Z,1
q07,Cubatao_p12,0,felipe,2026-09-25T11:32:47.053Z,22
q07,Guaruja_p10,0,felipe,2026-09-25T11:32:48.461Z,1
q06,Guaruja_p15,0,felipe,2026-09-25T11:32:49.813Z,1
q07,Guaruja_p9,0,felipe,2026-09-25T11:32:51.125Z,1
q08,Santos_p1,0,felipe,2026-09-25T11:32:52.981Z,2
q07,Guaruja_p18,0,felipe,2026-09-25T11:32:54.613Z,2
q06,Guaruja_p3,0,felipe,2026-09-25T11:32:56.157Z,2
q08,Santos_p3,0,felipe,2026-09-25T11:32:57.333Z,1
q08,Santos_p8,0,felipe,2026-09-25T11:32:58.301Z,1
q09,Santos_p20,0,felipe,2026-09-25T11:33:03.125Z,5
q09,Cubatao_p15,0,felipe,2026-09-25T11:33:25.333Z,22
q06,Santos_p9,0,felipe,2026-09-25T11:36:47.596Z,202
q08,Cubatao_p8,0,felipe,2026-09-25T11:36:49.052Z,1
q10,Santos_p21,0,felipe,2026-09-25T11:36:58.564Z,10
q06,Guaruja_p10,0,felipe,2026-09-25T11:39:08.964Z,130
q09,Cubatao_p20,2,felipe,2026-09-25T11:39:19.660Z,11
q08,Santos_p14,0,felipe,2026-09-25T11:39:27.044Z,7
q08,Santos_p20,0,felipe,2026-09-25T11:39:28.004Z,1
q06,Guaruja_p8,0,felipe,2026-09-25T11:39:29.388Z,1
q09,Santos_p18,0,felipe,2026-09-25T11:39:30.788Z,1
q06,Guaruja_p19,0,felipe,2026-09-25T11:39:32.220Z,1
q10,Santos_p2,0,felipe,2026-09-25T11:39:43.508Z,2
q06,Santos_p7,0,felipe,2026-09-25T11:39:47.100Z,4
q09,Guaruja_p15,0,felipe,2026-09-25T11:39:49.196Z,2
q08,Cubatao_p11,0,felipe,2026-09-25T11:39:50.644Z,1
q08,Santos_p18,0,felipe,2026-09-25T11:39:52.164Z,2
q07,Cubatao_p18,0,felipe,2026-09-25T11:43:18.726Z,207
q08,Guaruja_p6,0,felipe,2026-09-25T11:44:03.342Z,45
q08,Cubatao_p4,0,felipe,2026-09-25T11:44:05.053Z,2
q09,Cubatao_p12,0,felipe,2026-09-25T11:44:13.309Z,8
q06,Guaruja_p2,0,felipe,2026-09-25T11:44:15.159Z,2
q06,Guaruja_p17,0,felipe,2026-09-25T11:44:16.055Z,1
q07,Santos_p10,0,felipe,2026-09-25T11:44:17.567Z,2
q07,Guaruja_p11,0,felipe,2026-09-25T11:44:22.655Z,5
q06,Guaruja_p20,0,felipe,2026-09-25T11:44:24.015Z,1
q09,Guaruja_p5,0,felipe,2026-09-25T11:44:52.023Z,28
q09,Cubatao_p3,0,felipe,2026-09-25T11:46:12.175Z,80
q07,Guaruja_p19,0,felipe,2026-09-25T11:46:13.366Z,1
q08,Santos_p13,0,felipe,2026-09-25T11:46:17.863Z,4
q09,Santos_p12,0,felipe,2026-09-25T11:46:27.559Z,10
q07,Cubatao_p2,0,felipe,2026-09-25T11:47:14.422Z,47
q09,Guaruja_p6,0,felipe,2026-09-25T11:47:15.670Z,1
q09,Guaruja_p10,0,felipe,2026-09-25T11:47:16.686Z,1
q08,Santos_p19,0,felipe,2026-09-25T11:47:17.814Z,1
q07,Guaruja_p4,0,felipe,2026-09-25T11:47:19.310Z,1
q06,Cubatao_p19,0,felipe,2026-09-25T11:47:20.678Z,1
q09,Santos_p21,0,felipe,2026-09-25T11:47:22.062Z,1
q10,Guaruja_p16,0,felipe,2026-09-25T11:48:40.270Z,78
q06,Cubatao_p13,0,felipe,2026-09-25T11:49:24.854Z,45
q07,Santos_p1,0,felipe,2026-09-25T11:49:26.230Z,1
q09,Guaruja_p20,0,felipe,2026-09-25T11:49:29.926Z,4
q09,Cubatao_p8,0,felipe,2026-09-25T11:49:39.702Z,10
q06,Santos_p17,0,felipe,2026-09-25T11:49:50.214Z,11
q10,Santos_p20,0,felipe,2026-09-25T11:50:19.982Z,30
q09,Guaruja_p12,0,felipe,2026-09-25T11:51:48.397Z,88
q07,Santos_p15,0,felipe,2026-09-25T11:51:49.701Z,1
q09,Guaruja_p2,0,felipe,2026-09-25T11:51:51.325Z,2
q06,Santos_p14,0,felipe,2026-09-25T11:51:53.461Z,2
q10,Santos_p18,0,felipe,2026-09-25T11:51:58.757Z,5
q09,Santos_p22,0,felipe,2026-09-25T11:52:00.109Z,1
q07,Guaruja_p20,0,felipe,2026-09-25T11:52:01.325Z,1
q10,Santos_p6,0,felipe,2026-09-25T11:52:31.933Z,31
q07,Cubatao_p11,0,felipe,2026-09-25T11:52:40.669Z,9
q07,Guaruja_p2,0,felipe,2026-09-25T11:52:44.637Z,4
q10,Santos_p13,0,felipe,2026-09-25T11:52:57.453Z,13
q10,Santos_p8,0,felipe,2026-09-25T11:53:01.613Z,4
q10,Guaruja_p8,0,felipe,2026-09-25T11:56:50.518Z,229
q07,Cubatao_p19,0,felipe,2026-09-25T11:57:20.686Z,30
q10,Santos_p19,0,felipe,2026-09-25T11:57:43.094Z,22
q10,Guaruja_p12,0,felipe,2026-09-25T11:57:49.296Z,6
q07,Guaruja_p17,0,felipe,2026-09-25T11:57:54.000Z,5
q08,Santos_p12,0,felipe,2026-09-25T11:57:55.680Z,2
q08,Santos_p15,0,felipe,2026-09-25T11:57:57.224Z,2
q09,Cubatao_p4,0,felipe,2026-09-25T11:57:59.760Z,3
q08,Guaruja_p20,0,felipe,2026-09-25T11:58:04.968Z,5
q10,Santos_p1,0,felipe,2026-09-25T11:58:12.168Z,7
q06,Santos_p15,0,felipe,2026-09-25T11:58:16.056Z,4
q08,Cubatao_p3,0,felipe,2026-09-25T11:58:17.472Z,1
q06,Santos_p19,0,felipe,2026-09-25T11:58:21.704Z,4
q09,Guaruja_p11,0,felipe,2026-09-25T11:59:07.434Z,46
q06,Santos_p10,0,felipe,2026-09-25T11:59:30.266Z,23
q09,Santos_p5,0,felipe,2026-09-25T12:01:10.590Z,100
q08,Cubatao_p2,0,felipe,2026-09-25T12:01:11.933Z,1
q08,Guaruja_p4,2,felipe,2026-09-25T12:03:24.213Z,132
q08,Cubatao_p10,0,felipe,2026-09-25T12:03:26.933Z,3
q10,Cubatao_p4,0,felipe,2026-09-25T12:03:28.237Z,1
q08,Santos_p11,0,felipe,2026-09-25T12:03:29.389Z,1
q06,Santos_p12,0,felipe,2026-09-25T12:03:32.733Z,3
q10,Santos_p3,0,felipe,2026-09-25T12:03:44.893Z,12
q07,Cubatao_p16,0,felipe,2026-09-25T12:04:44.029Z,59
q06,Santos_p11,0,felipe,2026-09-25T12:04:58.373Z,14
q06,Santos_p22,2,felipe,2026-09-25T12:05:01.237Z,3
q07,Guaruja_p8,0,felipe,2026-09-25T12:05:03.133Z,2
q07,Cubatao_p9,2,felipe,2026-09-25T12:05:21.437Z,18
q08,Guaruja_p2,0,felipe,2026-09-25T12:05:48.588Z,27
q07,Guaruja_p16,0,felipe,2026-09-25T12:06:17.076Z,28
q10,Cubatao_p10,0,felipe,2026-09-25T12:06:18.660Z,2
q08,Cubatao_p15,0,felipe,2026-09-25T12:06:19.932Z,1
q08,Guaruja_p5,0,felipe,2026-09-25T12:06:33.020Z,13
q08,Cubatao_p12,0,felipe,2026-09-25T12:06:34.388Z,1
q06,Cubatao_p4,0,felipe,2026-09-25T12:06:36.412Z,2
q09,Santos_p3,0,felipe,2026-09-25T12:06:38.700Z,2
q07,Cubatao_p5,0,felipe,2026-09-25T12:08:09.500Z,91
q08,Santos_p23,0,felipe,2026-09-25T12:08:12.980Z,3
q06,Cubatao_p10,0,felipe,2026-09-25T12:08:14.211Z,1
q09,Santos_p6,0,felipe,2026-09-25T12:08:15.660Z,1
q06,Cubatao_p15,0,felipe,2026-09-25T12:08:49.740Z,34
q08,Cubatao_p1,0,felipe,2026-09-25T12:08:50.916Z,1
q08,Cubatao_p19,0,felipe,2026-09-25T12:08:51.924Z,1
q06,Cubatao_p20,0,felipe,2026-09-25T12:08:53.140Z,1
q07,Santos_p19,0,felipe,2026-09-25T12:08:54.484Z,1
q07,Cubatao_p3,0,felipe,2026-09-25T12:09:01.388Z,7
q10,Cubatao_p20,0,felipe,2026-09-25T12:09:03.172Z,2
q09,Santos_p7,0,felipe,2026-09-25T12:09:04.540Z,1
q07,Guaruja_p15,0,felipe,2026-09-25T12:09:06.052Z,2
q08,Cubatao_p9,0,felipe,2026-09-25T12:09:07.524Z,1
q06,Santos_p13,0,felipe,2026-09-25T12:09:10.836Z,3
q08,Santos_p7,0,felipe,2026-09-25T12:09:14.140Z,3
q09,Cubatao_p9,0,felipe,2026-09-25T12:09:20.340Z,6
q08,Guaruja_p1,0,felipe,2026-09-25T12:09:33.580Z,13
q10,Guaruja_p9,0,felipe,2026-09-25T12:09:43.004Z,9
q08,Guaruja_p9,0,felipe,2026-09-25T12:09:48.411Z,5
q06,Cubatao_p6,0,felipe,2026-09-25T12:09:50.100Z,2
q07,Guaruja_p14,0,felipe,2026-09-25T12:09:51.692Z,2
q08,Guaruja_p11,0,felipe,2026-09-25T12:10:10.739Z,19
q06,Guaruja_p14,0,felipe,2026-09-25T12:10:14.755Z,4
q06,Santos_p2,0,felipe,2026-09-25T12:10:22.652Z,8
q06,Guaruja_p4,0,felipe,2026-09-25T12:10:24.331Z,2
q10,Santos_p4,0,felipe,2026-09-25T12:10:42.811Z,18
q09,Guaruja_p14,0,felipe,2026-09-25T12:10:44.443Z,2
q09,Santos_p23,0,felipe,2026-09-25T12:10:45.867Z,1
q09,Cubatao_p10,0,felipe,2026-09-25T12:11:10.083Z,24
q08,Cubatao_p14,0,felipe,2026-09-25T12:11:14.019Z,4
q07,Santos_p9,0,felipe,2026-09-25T12:11:15.419Z,1
q08,Cubatao_p16,0,felipe,2026-09-25T12:11:17.043Z,2
q07,Guaruja_p13,0,felipe,2026-09-25T12:11:18.451Z,1
q06,Cubatao_p12,0,felipe,2026-09-25T12:11:20.227Z,2
q09,Santos_p11,0,felipe,2026-09-25T12:11:21.579Z,1
q10,Guaruja_p15,0,felipe,2026-09-25T12:11:36.731Z,15
q10,Santos_p16,0,felipe,2026-09-25T12:11:50.523Z,14
q10,Cubatao_p7,0,felipe,2026-09-25T12:11:52.067Z,2
q07,Cubatao_p14,1,felipe,2026-09-25T12:12:10.291Z,18
q08,Guaruja_p8,0,felipe,2026-09-25T12:12:23.827Z,14
q10,Guaruja_p3,0,felipe,2026-09-25T12:12:32.507Z,9
q07,Santos_p8,0,felipe,2026-09-25T12:12:34.195Z,2
q09,Guaruja_p9,0,felipe,2026-09-25T12:12:35.723Z,2
q09,Guaruja_p3,0,felipe,2026-09-25T12:12:37.035Z,1
q08,Guaruja_p3,0,felipe,2026-09-25T12:12:43.267Z,6
q09,Cubatao_p19,0,felipe,2026-09-25T12:12:50.067Z,7
q08,Santos_p22,0,felipe,2026-09-25T12:12:51.723Z,2
q09,Cubatao_p17,0,felipe,2026-09-25T12:14:00.979Z,69
q08,Santos_p21,0,felipe,2026-09-25T12:14:02.675Z,2
q08,Santos_p17,0,felipe,2026-09-25T12:14:32.333Z,30
q09,Cubatao_p5,0,felipe,2026-09-25T12:14:59.749Z,27
q08,Santos_p9,0,felipe,2026-09-25T12:15:01.477Z,2
q08,Cubatao_p6,0,felipe,2026-09-25T12:15:02.805Z,1
q10,Guaruja_p10,0,felipe,2026-09-25T12:15:15.421Z,13
q08,Santos_p4,0,felipe,2026-09-25T12:15:19.821Z,4
q09,Santos_p19,0,felipe,2026-09-25T12:15:21.589Z,2
q09,Cubatao_p1,2,felipe,2026-09-25T12:15:33.927Z,12
q10,Santos_p14,0,felipe,2026-09-25T12:15:45.639Z,12
q07,Santos_p17,0,felipe,2026-09-25T12:15:48.143Z,3
q07,Santos_p14,0,felipe,2026-09-25T12:15:49.111Z,1
q07,Cubatao_p15,0,felipe,2026-09-25T12:16:35.233Z,46
q10,Santos_p23,0,felipe,2026-09-25T12:16:59.824Z,25
q09,Santos_p17,0,felipe,2026-09-25T12:17:14.673Z,15
q07,Santos_p6,0,felipe,2026-09-25T12:17:16.041Z,1
q07,Cubatao_p6,0,felipe,2026-09-25T12:17:37.379Z,21
q07,Santos_p3,0,felipe,2026-09-25T12:17:38.651Z,1
q07,Santos_p23,0,felipe,2026-09-25T12:17:39.451Z,1
q10,Guaruja_p2,0,felipe,2026-09-25T12:17:49.171Z,10
q07,Santos_p18,0,felipe,2026-09-25T12:17:52.227Z,3
q06,Guaruja_p6,0,felipe,2026-09-25T12:17:54.051Z,2
q10,Santos_p15,0,felipe,2026-09-25T12:18:00.915Z,7
q10,Santos_p11,0,felipe,2026-09-25T12:18:06.851Z,6
q08,Santos_p16,0,felipe,2026-09-25T12:18:34.571Z,28
q09,Guaruja_p16,0,felipe,2026-09-25T12:18:44.324Z,10
q10,Guaruja_p19,2,felipe,2026-09-25T12:18:57.988Z,14
q06,Santos_p20,0,felipe,2026-09-25T12:19:06.300Z,8
q09,Guaruja_p17,0,felipe,2026-09-25T12:19:16.987Z,11
q06,Cubatao_p8,0,felipe,2026-09-25T12:19:20.596Z,4
q08,Guaruja_p13,0,felipe,2026-09-25T12:20:52.155Z,92
q10,Santos_p10,0,felipe,2026-09-25T12:21:34.987Z,43
q08,Guaruja_p15,0,felipe,2026-09-25T12:22:06.491Z,32
q07,Santos_p5,0,felipe,2026-09-25T12:22:27.427Z,21
q08,Cubatao_p7,0,felipe,2026-09-25T12:22:42.491Z,15
q06,Cubatao_p2,0,felipe,2026-09-25T12:22:55.939Z,13
q10,Guaruja_p7,0,felipe,2026-09-25T12:23:44.443Z,49
q08,Santos_p2,0,felipe,2026-09-25T12:23:46.059Z,2
q10,Cubatao_p1,0,felipe,2026-09-25T12:23:47.507Z,1
q10,Santos_p17,0,felipe,2026-09-25T12:24:34.146Z,47
q07,Cubatao_p13,0,felipe,2026-09-25T12:25:08.962Z,35
q08,Santos_p10,0,felipe,2026-09-25T12:25:11.130Z,2
q10,Guaruja_p17,0,felipe,2026-09-25T12:25:33.674Z,23
q10,Santos_p9,0,felipe,2026-09-25T12:27:12.714Z,99
q06,Santos_p6,0,felipe,2026-09-25T12:27:15.066Z,2
q08,Cubatao_p5,0,felipe,2026-09-25T12:27:17.194Z,2
q07,Santos_p20,0,felipe,2026-09-25T12:27:20.706Z,4
q09,Cubatao_p14,0,felipe,2026-09-25T12:27:24.618Z,4
q08,Santos_p6,0,felipe,2026-09-25T12:27:26.442Z,2
q10,Cubatao_p12,0,felipe,2026-09-25T12:27:27.954Z,2
q09,Santos_p15,0,felipe,2026-09-25T12:27:29.234Z,1
q06,Guaruja_p9,0,felipe,2026-09-25T12:27:31.226Z,2
q06,Guaruja_p1,0,felipe,2026-09-25T12:27:32.330Z,1
q06,Santos_p5,0,felipe,2026-09-25T12:27:35.738Z,3
q10,Cubatao_p19,0,felipe,2026-09-25T12:27:38.642Z,3
q08,Cubatao_p13,0,felipe,2026-09-25T12:27:43.314Z,5
q07,Santos_p2,0,felipe,2026-09-25T12:28:03.346Z,20
q10,Cubatao_p9,0,felipe,2026-09-25T12:28:22.314Z,19
q06,Santos_p3,0,felipe,2026-09-25T12:28:33.746Z,11
q09,Guaruja_p4,0,felipe,2026-09-25T12:28:43.090Z,9
q10,Guaruja_p4,0,felipe,2026-09-25T12:29:03.953Z,21
q09,Santos_p16,0,felipe,2026-09-25T12:29:05.906Z,2
q10,Guaruja_p5,0,felipe,2026-09-25T12:29:34.737Z,29
q07,Santos_p12,0,felipe,2026-09-25T12:29:36.929Z,2
q06,Guaruja_p7,0,felipe,2026-09-25T12:29:38.585Z,2
q09,Guaruja_p18,0,felipe,2026-09-25T12:30:20.242Z,42
q09,Guaruja_p7,0,felipe,2026-09-25T12:30:21.498Z,1
q06,Santos_p4,0,felipe,2026-09-25T12:30:50.354Z,29
q10,Santos_p12,0,felipe,2026-09-25T12:30:57.402Z,7
q07,Santos_p11,0,felipe,2026-09-25T12:31:03.090Z,6
q09,Cubatao_p2,0,felipe,2026-09-25T12:31:17.922Z,15
q06,Guaruja_p11,0,felipe,2026-09-25T12:31:19.539Z,2
q07,Santos_p7,0,felipe,2026-09-25T12:31:21.595Z,2
q10,Santos_p5,0,felipe,2026-09-25T12:31:43.979Z,22
q08,Guaruja_p14,0,felipe,2026-09-25T12:31:59.371Z,15
q06,Cubatao_p5,0,felipe,2026-09-25T12:32:00.682Z,1
q06,Guaruja_p5,0,felipe,2026-09-25T12:32:01.883Z,1
q06,Guaruja_p18,0,felipe,2026-09-25T12:32:10.755Z,9
q09,Santos_p13,0,felipe,2026-09-25T12:32:12.130Z,1
q06,Santos_p18,0,felipe,2026-09-25T12:32:24.060Z,12
q08,Cubatao_p18,0,felipe,2026-09-25T12:32:25.716Z,2
q06,Cubatao_p14,0,felipe,2026-09-25T12:32:27.500Z,2
q09,Santos_p8,0,felipe,2026-09-25T12:32:33.452Z,6
q09,Guaruja_p13,0,felipe,2026-09-25T12:32:34.908Z,1
q06,Cubatao_p16,0,felipe,2026-09-25T12:32:37.084Z,2
q07,Cubatao_p10,1,felipe,2026-09-25T12:33:02.908Z,26
q09,Santos_p9,0,felipe,2026-09-25T12:33:08.619Z,6
q10,Guaruja_p1,0,felipe,2026-09-25T12:33:43.925Z,35
q10,Santos_p7,0,felipe,2026-09-25T12:33:53.453Z,10
q09,Santos_p14,0,felipe,2026-09-25T12:33:55.645Z,2
q09,Guaruja_p8,0,felipe,2026-09-25T12:33:57.061Z,1
q09,Guaruja_p19,0,felipe,2026-09-25T12:33:58.061Z,1
q10,Guaruja_p18,0,felipe,2026-09-25T12:34:11.557Z,13
q10,Cubatao_p14,0,felipe,2026-09-25T12:34:12.796Z,1
q10,Cubatao_p16,0,felipe,2026-09-25T12:34:13.789Z,1
q09,Cubatao_p7,0,felipe,2026-09-25T12:34:21.644Z,8
q10,Cubatao_p18,0,felipe,2026-09-25T12:34:23.006Z,1
q10,Guaruja_p6,0,felipe,2026-09-25T12:34:32.158Z,9
q09,Santos_p2,0,felipe,2026-09-25T12:34:35.014Z,3
q10,Cubatao_p6,0,felipe,2026-09-25T12:34:37.110Z,2
q08,Guaruja_p16,0,felipe,2026-09-25T12:34:43.318Z,6
q08,Guaruja_p12,0,felipe,2026-09-25T12:34:54.166Z,11
q09,Santos_p4,0,felipe,2026-09-25T12:35:00.846Z,7
q08,Guaruja_p19,0,felipe,2026-09-25T12:35:05.997Z,5
q10,Cubatao_p5,0,felipe,2026-09-25T12:35:07.710Z,2
q09,Santos_p10,0,felipe,2026-09-25T12:35:09.077Z,1
q10,Cubatao_p15,0,felipe,2026-09-25T12:35:10.862Z,2
q10,Guaruja_p11,0,felipe,2026-09-25T12:35:23.998Z,13
q10,Cubatao_p17,0,felipe,2026-09-25T12:35:25.102Z,1
q08,Guaruja_p7,0,felipe,2026-09-25T12:35:38.534Z,13
q08,Cubatao_p20,0,felipe,2026-09-25T12:35:40.686Z,2
q10,Cubatao_p11,0,felipe,2026-09-25T12:35:41.814Z,1
q10,Cubatao_p13,0,felipe,2026-09-25T12:35:42.942Z,1
q10,Cubatao_p2,0,felipe,2026-09-25T12:35:43.822Z,1
q08,Guaruja_p17,0,felipe,2026-09-25T12:35:56.622Z,13
q09,Cubatao_p16,0,felipe,2026-09-25T12:36:02.038Z,5
q09,Cubatao_p13,0,felipe,2026-09-25T12:36:08.086Z,6
q10,Cubatao_p3,0,felipe,2026-09-25T12:36:09.958Z,2
q09,Guaruja_p1,0,felipe,2026-09-25T12:36:11.446Z,1
q10,Guaruja_p14,0,felipe,2026-09-25T12:36:27.086Z,16
q10,Santos_p22,0,felipe,2026-09-25T12:36:29.487Z,2
q09,Cubatao_p11,0,felipe,2026-09-25T12:36:33.247Z,4
q10,Guaruja_p20,0,felipe,2026-09-25T12:36:37.727Z,4
q08,Cubatao_p17,0,felipe,2026-09-25T12:36:39.527Z,2
q10,Guaruja_p13,0,felipe,2026-09-25T12:36:51.030Z,12
q09,Santos_p1,0,felipe,2026-09-25T12:36:52.678Z,2
q08,Guaruja_p18,0,felipe,2026-09-25T12:37:02.350Z,10
q10,Cubatao_p8,0,felipe,2026-09-25T12:37:03.470Z,1
q09,Cubatao_p18,0,felipe,2026-09-25T12:37:10.518Z,7
q09,Cubatao_p6,0,felipe,2026-09-25T12:37:15.366Z,5