"consulta","documento","grau"
"q01","Cubatao_p1",0
"q02","Cubatao_p1",0
"q03","Cubatao_p1",0
"q04","Cubatao_p1",0
"q05","Cubatao_p1",0
"q06","Cubatao_p1",0
"q07","Cubatao_p1",0
"q08","Cubatao_p1",0
"q09","Cubatao_p1",2
"q10","Cubatao_p1",0
"q01","Cubatao_p10",0
"q02","Cubatao_p10",0
"q03","Cubatao_p10",0
"q04","Cubatao_p10",0
"q05","Cubatao_p10",0
"q06","Cubatao_p10",0
"q07","Cubatao_p10",0
"q08","Cubatao_p10",0
"q09","Cubatao_p10",0
"q10","Cubatao_p10",0
"q01","Cubatao_p11",0
"q02","Cubatao_p11",0
"q03","Cubatao_p11",0
"q04","Cubatao_p11",0
"q05","Cubatao_p11",0
"q06","Cubatao_p11",0
"q07","Cubatao_p11",0
"q08","Cubatao_p11",0
"q09","Cubatao_p11",0
"q10","Cubatao_p11",0
"q01","Cubatao_p12",0
"q02","Cubatao_p12",0
"q03","Cubatao_p12",0
"q04","Cubatao_p12",1
"q05","Cubatao_p12",0
"q06","Cubatao_p12",0
"q07","Cubatao_p12",0
"q08","Cubatao_p12",0
"q09","Cubatao_p12",0
"q10","Cubatao_p12",0
"q01","Cubatao_p13",0
"q02","Cubatao_p13",0
"q03","Cubatao_p13",0
"q04","Cubatao_p13",0
"q05","Cubatao_p13",0
"q06","Cubatao_p13",0
"q07","Cubatao_p13",0
"q08","Cubatao_p13",0
"q09","Cubatao_p13",0
"q10","Cubatao_p13",0
"q01","Cubatao_p14",0
"q02","Cubatao_p14",0
"q03","Cubatao_p14",0
"q04","Cubatao_p14",0
"q05","Cubatao_p14",0
"q06","Cubatao_p14",0
"q07","Cubatao_p14",0
"q08","Cubatao_p14",0
"q09","Cubatao_p14",0
"q10","Cubatao_p14",0
"q01","Cubatao_p15",0
"q02","Cubatao_p15",0
"q03","Cubatao_p15",0
"q04","Cubatao_p15",0
"q05","Cubatao_p15",0
"q06","Cubatao_p15",0
"q07","Cubatao_p15",0
"q08","Cubatao_p15",0
"q09","Cubatao_p15",0
"q10","Cubatao_p15",0
"q01","Cubatao_p16",0
"q02","Cubatao_p16",0
"q03","Cubatao_p16",0
"q04","Cubatao_p16",0
"q05","Cubatao_p16",0
"q06","Cubatao_p16",0
"q07","Cubatao_p16",0
"q08","Cubatao_p16",0
"q09","Cubatao_p16",0
"q10","Cubatao_p16",0
"q01","Cubatao_p17",0
"q02","Cubatao_p17",0
"q03","Cubatao_p17",0
"q04","Cubatao_p17",0
"q05","Cubatao_p17",0
"q06","Cubatao_p17",0
"q07","Cubatao_p17",0
"q08","Cubatao_p17",0
"q09","Cubatao_p17",0
"q10","Cubatao_p17",0
"q01","Cubatao_p18",0
"q02","Cubatao_p18",0
"q03","Cubatao_p18",0
"q04","Cubatao_p18",0
"q05","Cubatao_p18",0
"q06","Cubatao_p18",0
"q07","Cubatao_p18",0
"q08","Cubatao_p18",0
"q09","Cubatao_p18",0
"q10","Cubatao_p18",0
"q01","Cubatao_p19",0
"q02","Cubatao_p19",0
"q03","Cubatao_p19",0
"q04","Cubatao_p19",1
"q05","Cubatao_p19",0
"q06","Cubatao_p19",0
"q07","Cubatao_p19",0
"q08","Cubatao_p19",0
"q09","Cubatao_p19",0
"q10","Cubatao_p19",0
"q01","Cubatao_p2",0
"q02","Cubatao_p2",0
"q03","Cubatao_p2",0
"q04","Cubatao_p2",2
"q05","Cubatao_p2",0
"q06","Cubatao_p2",0
"q07","Cubatao_p2",0
"q08","Cubatao_p2",0
"q09","Cubatao_p2",0
"q10","Cubatao_p2",0
"q01","Cubatao_p20",0
"q02","Cubatao_p20",0
"q03","Cubatao_p20",0
"q04","Cubatao_p20",0
"q05","Cubatao_p20",0
"q06","Cubatao_p20",0
"q07","Cubatao_p20",0
"q08","Cubatao_p20",0
"q09","Cubatao_p20",2
"q10","Cubatao_p20",0
"q01","Cubatao_p3",0
"q02","Cubatao_p3",0
"q03","Cubatao_p3",0
"q04","Cubatao_p3",0
"q05","Cubatao_p3",0
"q06","Cubatao_p3",0
"q07","Cubatao_p3",0
"q08","Cubatao_p3",0
"q09","Cubatao_p3",0
"q10","Cubatao_p3",0
"q01","Cubatao_p4",0
"q02","Cubatao_p4",0
"q03","Cubatao_p4",0
"q04","Cubatao_p4",0
"q05","Cubatao_p4",0
"q06","Cubatao_p4",0
"q07","Cubatao_p4",0
"q08","Cubatao_p4",0
"q09","Cubatao_p4",0
"q10","Cubatao_p4",0
"q01","Cubatao_p5",0
"q02","Cubatao_p5",0
"q03","Cubatao_p5",0
"q04","Cubatao_p5",0
"q05","Cubatao_p5",0
"q06","Cubatao_p5",0
"q07","Cubatao_p5",0
"q08","Cubatao_p5",0
"q09","Cubatao_p5",0
"q10","Cubatao_p5",0
"q01","Cubatao_p6",0
"q02","Cubatao_p6",0
"q03","Cubatao_p6",0
"q04","Cubatao_p6",0
"q05","Cubatao_p6",0
"q06","Cubatao_p6",0
"q07","Cubatao_p6",0
"q08","Cubatao_p6",0
"q09","Cubatao_p6",0
"q10","Cubatao_p6",0
"q01","Cubatao_p7",0
"q02","Cubatao_p7",0
"q03","Cubatao_p7",0
"q04","Cubatao_p7",0
"q05","Cubatao_p7",0
"q06","Cubatao_p7",0
"q07","Cubatao_p7",0
"q08","Cubatao_p7",0
"q09","Cubatao_p7",0
"q10","Cubatao_p7",0
"q01","Cubatao_p8",0
"q02","Cubatao_p8",0
"q03","Cubatao_p8",0
"q04","Cubatao_p8",0
"q05","Cubatao_p8",0
"q06","Cubatao_p8",0
"q07","Cubatao_p8",2
"q08","Cubatao_p8",0
"q09","Cubatao_p8",0
"q10","Cubatao_p8",0
"q01","Cubatao_p9",0
"q02","Cubatao_p9",0
"q03","Cubatao_p9",0
"q04","Cubatao_p9",0
"q05","Cubatao_p9",0
"q06","Cubatao_p9",0
"q07","Cubatao_p9",2
"q08","Cubatao_p9",0
"q09","Cubatao_p9",0
"q10","Cubatao_p9",0
"q01","Guaruja_p1",0
"q02","Guaruja_p1",0
"q03","Guaruja_p1",0
"q04","Guaruja_p1",0
"q05","Guaruja_p1",2
"q06","Guaruja_p1",0
"q07","Guaruja_p1",0
"q08","Guaruja_p1",0
"q09","Guaruja_p1",0
"q10","Guaruja_p1",0
"q01","Guaruja_p10",0
"q02","Guaruja_p10",0
"q03","Guaruja_p10",0
"q04","Guaruja_p10",0
"q05","Guaruja_p10",0
"q06","Guaruja_p10",0
"q07","Guaruja_p10",0
"q08","Guaruja_p10",0
"q09","Guaruja_p10",0
"q10","Guaruja_p10",0
"q01","Guaruja_p11",0
"q02","Guaruja_p11",0
"q03","Guaruja_p11",0
"q04","Guaruja_p11",0
"q05","Guaruja_p11",0
"q06","Guaruja_p11",0
"q07","Guaruja_p11",0
"q08","Guaruja_p11",0
"q09","Guaruja_p11",0
"q10","Guaruja_p11",0
"q01","Guaruja_p12",0
"q02","Guaruja_p12",0
"q03","Guaruja_p12",0
"q04","Guaruja_p12",0
"q05","Guaruja_p12",0
"q06","Guaruja_p12",0
"q07","Guaruja_p12",0
"q08","Guaruja_p12",0
"q09","Guaruja_p12",0
"q10","Guaruja_p12",0
"q01","Guaruja_p13",0
"q02","Guaruja_p13",0
"q03","Guaruja_p13",0
"q04","Guaruja_p13",0
"q05","Guaruja_p13",0
"q06","Guaruja_p13",0
"q07","Guaruja_p13",0
"q08","Guaruja_p13",0
"q09","Guaruja_p13",0
"q10","Guaruja_p13",0
"q01","Guaruja_p14",0
"q02","Guaruja_p14",0
"q03","Guaruja_p14",0
"q04","Guaruja_p14",0
"q05","Guaruja_p14",0
"q06","Guaruja_p14",0
"q07","Guaruja_p14",0
"q08","Guaruja_p14",0
"q09","Guaruja_p14",0
"q10","Guaruja_p14",0
"q01","Guaruja_p15",0
"q02","Guaruja_p15",0
"q03","Guaruja_p15",0
"q04","Guaruja_p15",0
"q05","Guaruja_p15",1
"q06","Guaruja_p15",0
"q07","Guaruja_p15",0
"q08","Guaruja_p15",0
"q09","Guaruja_p15",0
"q10","Guaruja_p15",0
"q01","Guaruja_p16",0
"q02","Guaruja_p16",0
"q03","Guaruja_p16",0
"q04","Guaruja_p16",0
"q05","Guaruja_p16",0
"q06","Guaruja_p16",0
"q07","Guaruja_p16",0
"q08","Guaruja_p16",0
"q09","Guaruja_p16",0
"q10","Guaruja_p16",0
"q01","Guaruja_p17",0
"q02","Guaruja_p17",0
"q03","Guaruja_p17",0
"q04","Guaruja_p17",0
"q05","Guaruja_p17",1
"q06","Guaruja_p17",0
"q07","Guaruja_p17",0
"q08","Guaruja_p17",0
"q09","Guaruja_p17",0
"q10","Guaruja_p17",0
"q01","Guaruja_p18",0
"q02","Guaruja_p18",0
"q03","Guaruja_p18",0
"q04","Guaruja_p18",0
"q05","Guaruja_p18",0
"q06","Guaruja_p18",0
"q07","Guaruja_p18",0
"q08","Guaruja_p18",0
"q09","Guaruja_p18",0
"q10","Guaruja_p18",0
"q01","Guaruja_p19",0
"q02","Guaruja_p19",0
"q03","Guaruja_p19",0
"q04","Guaruja_p19",0
"q05","Guaruja_p19",0
"q06","Guaruja_p19",0
"q07","Guaruja_p19",0
"q08","Guaruja_p19",0
"q09","Guaruja_p19",0
"q10","Guaruja_p19",2
"q01","Guaruja_p2",0
"q02","Guaruja_p2",0
"q03","Guaruja_p2",0
"q04","Guaruja_p2",0
"q05","Guaruja_p2",0
"q06","Guaruja_p2",0
"q07","Guaruja_p2",0
"q08","Guaruja_p2",0
"q09","Guaruja_p2",0
"q10","Guaruja_p2",0
"q01","Guaruja_p20",0
"q02","Guaruja_p20",0
"q03","Guaruja_p20",0
"q04","Guaruja_p20",0
"q05","Guaruja_p20",0
"q06","Guaruja_p20",0
"q07","Guaruja_p20",0
"q08","Guaruja_p20",0
"q09","Guaruja_p20",0
"q10","Guaruja_p20",0
"q01","Guaruja_p3",0
"q02","Guaruja_p3",0
"q03","Guaruja_p3",0
"q04","Guaruja_p3",0
"q05","Guaruja_p3",0
"q06","Guaruja_p3",0
"q07","Guaruja_p3",0
"q08","Guaruja_p3",0
"q09","Guaruja_p3",0
"q10","Guaruja_p3",0
"q01","Guaruja_p4",0
"q02","Guaruja_p4",0
"q03","Guaruja_p4",0
"q04","Guaruja_p4",0
"q05","Guaruja_p4",0
"q06","Guaruja_p4",0
"q07","Guaruja_p4",0
"q08","Guaruja_p4",2
"q09","Guaruja_p4",0
"q10","Guaruja_p4",0
"q01","Guaruja_p5",0
"q02","Guaruja_p5",0
"q03","Guaruja_p5",0
"q04","Guaruja_p5",0
"q05","Guaruja_p5",0
"q06","Guaruja_p5",0
"q07","Guaruja_p5",0
"q08","Guaruja_p5",0
"q09","Guaruja_p5",0
"q10","Guaruja_p5",0
"q01","Guaruja_p6",0
"q02","Guaruja_p6",0
"q03","Guaruja_p6",0
"q04","Guaruja_p6",0
"q05","Guaruja_p6",0
"q06","Guaruja_p6",0
"q07","Guaruja_p6",0
"q08","Guaruja_p6",0
"q09","Guaruja_p6",0
"q10","Guaruja_p6",0
"q01","Guaruja_p7",0
"q02","Guaruja_p7",0
"q03","Guaruja_p7",0
"q04","Guaruja_p7",0
"q05","Guaruja_p7",0
"q06","Guaruja_p7",0
"q07","Guaruja_p7",0
"q08","Guaruja_p7",0
"q09","Guaruja_p7",0
"q10","Guaruja_p7",0
"q01","Guaruja_p8",0
"q02","Guaruja_p8",0
"q03","Guaruja_p8",0
"q04","Guaruja_p8",0
"q05","Guaruja_p8",0
"q06","Guaruja_p8",0
"q07","Guaruja_p8",0
"q08","Guaruja_p8",0
"q09","Guaruja_p8",0
"q10","Guaruja_p8",0
"q01","Guaruja_p9",0
"q02","Guaruja_p9",0
"q03","Guaruja_p9",0
"q04","Guaruja_p9",0
"q05","Guaruja_p9",0
"q06","Guaruja_p9",0
"q07","Guaruja_p9",0
"q08","Guaruja_p9",0
"q09","Guaruja_p9",0
"q10","Guaruja_p9",0
"q01","Santos_p1",0
"q02","Santos_p1",0
"q03","Santos_p1",2
"q04","Santos_p1",0
"q05","Santos_p1",0
"q06","Santos_p1",0
"q07","Santos_p1",0
"q08","Santos_p1",0
"q09","Santos_p1",0
"q10","Santos_p1",0
"q01","Santos_p10",0
"q02","Santos_p10",0
"q03","Santos_p10",1
"q04","Santos_p10",0
"q05","Santos_p10",0
"q06","Santos_p10",0
"q07","Santos_p10",0
"q08","Santos_p10",0
"q09","Santos_p10",0
"q10","Santos_p10",0
"q01","Santos_p11",0
"q02","Santos_p11",0
"q03","Santos_p11",0
"q04","Santos_p11",0
"q05","Santos_p11",0
"q06","Santos_p11",0
"q07","Santos_p11",0
"q08","Santos_p11",0
"q09","Santos_p11",0
"q10","Santos_p11",0
"q01","Santos_p12",0
"q02","Santos_p12",0
"q03","Santos_p12",0
"q04","Santos_p12",0
"q05","Santos_p12",0
"q06","Santos_p12",0
"q07","Santos_p12",0
"q08","Santos_p12",0
"q09","Santos_p12",0
"q10","Santos_p12",0
"q01","Santos_p13",0
"q02","Santos_p13",0
"q03","Santos_p13",0
"q04","Santos_p13",0
"q05","Santos_p13",0
"q06","Santos_p13",0
"q07","Santos_p13",0
"q08","Santos_p13",0
"q09","Santos_p13",0
"q10","Santos_p13",0
"q01","Santos_p14",0
"q02","Santos_p14",2
"q03","Santos_p14",0
"q04","Santos_p14",0
"q05","Santos_p14",0
"q06","Santos_p14",0
"q07","Santos_p14",0
"q08","Santos_p14",0
"q09","Santos_p14",0
"q10","Santos_p14",0
"q01","Santos_p15",0
"q02","Santos_p15",0
"q03","Santos_p15",0
"q04","Santos_p15",0
"q05","Santos_p15",0
"q06","Santos_p15",0
"q07","Santos_p15",0
"q08","Santos_p15",0
"q09","Santos_p15",0
"q10","Santos_p15",0
"q01","Santos_p16",0
"q02","Santos_p16",0
"q03","Santos_p16",0
"q04","Santos_p16",0
"q05","Santos_p16",0
"q06","Santos_p16",0
"q07","Santos_p16",0
"q08","Santos_p16",0
"q09","Santos_p16",0
"q10","Santos_p16",0
"q01","Santos_p17",0
"q02","Santos_p17",0
"q03","Santos_p17",1
"q04","Santos_p17",0
"q05","Santos_p17",0
"q06","Santos_p17",0
"q07","Santos_p17",0
"q08","Santos_p17",0
"q09","Santos_p17",0
"q10","Santos_p17",0
"q01","Santos_p18",0
"q02","Santos_p18",0
"q03","Santos_p18",2
"q04","Santos_p18",0
"q05","Santos_p18",0
"q06","Santos_p18",0
"q07","Santos_p18",0
"q08","Santos_p18",0
"q09","Santos_p18",0
"q10","Santos_p18",0
"q01","Santos_p19",0
"q02","Santos_p19",0
"q03","Santos_p19",2
"q04","Santos_p19",0
"q05","Santos_p19",0
"q06","Santos_p19",0
"q07","Santos_p19",0
"q08","Santos_p19",0
"q09","Santos_p19",0
"q10","Santos_p19",0
"q01","Santos_p2",2
"q02","Santos_p2",0
"q03","Santos_p2",0
"q04","Santos_p2",0
"q05","Santos_p2",0
"q06","Santos_p2",0
"q07","Santos_p2",0
"q08","Santos_p2",0
"q09","Santos_p2",0
"q10","Santos_p2",0
"q01","Santos_p20",0
"q02","Santos_p20",0
"q03","Santos_p20",0
"q04","Santos_p20",0
"q05","Santos_p20",0
"q06","Santos_p20",0
"q07","Santos_p20",0
"q08","Santos_p20",0
"q09","Santos_p20",0
"q10","Santos_p20",0
"q01","Santos_p21",0
"q02","Santos_p21",0
"q03","Santos_p21",0
"q04","Santos_p21",0
"q05","Santos_p21",0
"q06","Santos_p21",0
"q07","Santos_p21",0
"q08","Santos_p21",0
"q09","Santos_p21",0
"q10","Santos_p21",0
"q01","Santos_p22",0
"q02","Santos_p22",0
"q03","Santos_p22",0
"q04","Santos_p22",0
"q05","Santos_p22",0
"q06","Santos_p22",2
"q07","Santos_p22",0
"q08","Santos_p22",0
"q09","Santos_p22",0
"q10","Santos_p22",0
"q01","Santos_p23",0
"q02","Santos_p23",0
"q03","Santos_p23",0
"q04","Santos_p23",0
"q05","Santos_p23",0
"q06","Santos_p23",0
"q07","Santos_p23",0
"q08","Santos_p23",0
"q09","Santos_p23",0
"q10","Santos_p23",0
"q01","Santos_p3",0
"q02","Santos_p3",0
"q03","Santos_p3",0
"q04","Santos_p3",0
"q05","Santos_p3",0
"q06","Santos_p3",0
"q07","Santos_p3",0
"q08","Santos_p3",0
"q09","Santos_p3",0
"q10","Santos_p3",0
"q01","Santos_p4",0
"q02","Santos_p4",1
"q03","Santos_p4",0
"q04","Santos_p4",0
"q05","Santos_p4",0
"q06","Santos_p4",0
"q07","Santos_p4",0
"q08","Santos_p4",0
"q09","Santos_p4",0
"q10","Santos_p4",0
"q01","Santos_p5",0
"q02","Santos_p5",0
"q03","Santos_p5",0
"q04","Santos_p5",0
"q05","Santos_p5",0
"q06","Santos_p5",0
"q07","Santos_p5",0
"q08","Santos_p5",0
"q09","Santos_p5",0
"q10","Santos_p5",0
"q01","Santos_p6",0
"q02","Santos_p6",0
"q03","Santos_p6",0
"q04","Santos_p6",0
"q05","Santos_p6",0
"q06","Santos_p6",0
"q07","Santos_p6",0
"q08","Santos_p6",0
"q09","Santos_p6",0
"q10","Santos_p6",0
"q01","Santos_p7",1
"q02","Santos_p7",0
"q03","Santos_p7",0
"q04","Santos_p7",0
"q05","Santos_p7",0
"q06","Santos_p7",0
"q07","Santos_p7",0
"q08","Santos_p7",0
"q09","Santos_p7",0
"q10","Santos_p7",0
"q01","Santos_p8",1
"q02","Santos_p8",0
"q03","Santos_p8",0
"q04","Santos_p8",0
"q05","Santos_p8",0
"q06","Santos_p8",0
"q07","Santos_p8",0
"q08","Santos_p8",0
"q09","Santos_p8",0
"q10","Santos_p8",0
"q01","Santos_p9",0
"q02","Santos_p9",0
"q03","Santos_p9",0
"q04","Santos_p9",0
"q05","Santos_p9",0
"q06","Santos_p9",0
"q07","Santos_p9",0
"q08","Santos_p9",0
"q09","Santos_p9",0
"q10","Santos_p9",0
